hos_log_id,driver_id,trip_id,duty_status,start_time,end_time,start_latitude,start_longitude,start_odometer,driving_hours_used,duty_hours_used,cycle_hours_used,driving_hours_remaining,duty_hours_remaining
8ca86124-cf57-4fc0-a17e-7fc70c57c057,f429ee7f-f592-4088-9168-959344298660,,on_duty_not_driving,2026-02-08T14:00:00Z,2026-02-08T15:55:24.932008Z,33.2489,-96.4885,166157,0.0,1.92,26.13,11.0,12.08
c704ba37-2619-4c73-9ef3-2ee2f673e0af,f429ee7f-f592-4088-9168-959344298660,8cd7b487-f896-46b6-8a29-d7b63e066a82,driving,2026-02-08T15:55:24.932008Z,2026-02-08T18:41:37.380921Z,36.0981,-86.2843,428847,2.77,4.69,28.9,8.23,9.31
d0af234f-1acb-4a48-883c-0978ca81690c,f429ee7f-f592-4088-9168-959344298660,,on_duty_not_driving,2026-02-08T18:41:37.380921Z,2026-02-08T20:26:41.564762Z,29.5801,-95.1427,523280,2.77,6.44,30.65,8.23,7.56
ec0b91a9-28f5-43e4-8d8d-49418bb907fb,f429ee7f-f592-4088-9168-959344298660,8cd7b487-f896-46b6-8a29-d7b63e066a82,driving,2026-02-08T20:26:41.564762Z,2026-02-08T22:12:21.461123Z,33.8399,-118.429,244808,4.53,8.21,32.42,6.47,5.79
ac8e324b-6208-4b3a-8cf0-43720479b60c,f429ee7f-f592-4088-9168-959344298660,,off_duty,2026-02-08T22:12:21.461123Z,2026-02-09T07:27:37.507032Z,34.0356,-84.2649,373972,4.53,8.21,32.42,6.47,5.79
75bf42d4-300e-4020-af32-e3c8f218e719,f429ee7f-f592-4088-9168-959344298660,,off_duty,2026-02-09T07:27:37.507032Z,2026-02-09T09:28:23.117533Z,32.4249,-96.7091,497608,4.53,8.21,32.42,6.47,5.79
6af1ecd8-269f-46bb-a4f6-7a6a457aa1a5,f429ee7f-f592-4088-9168-959344298660,8cd7b487-f896-46b6-8a29-d7b63e066a82,driving,2026-02-09T09:28:23.117533Z,2026-02-09T13:44:52.341734Z,35.429,-89.7633,554806,8.81,12.48,36.69,2.19,1.52
c3810cba-7c8f-48e7-a30f-1f0efec8eef5,f429ee7f-f592-4088-9168-959344298660,,sleeper_berth,2026-02-09T13:44:52.341734Z,2026-02-09T23:22:53.592211Z,29.6434,-95.3842,419271,8.81,12.48,36.69,2.19,1.52
7e126ee8-ee18-4b35-b78d-3bad8efe0aa3,f429ee7f-f592-4088-9168-959344298660,,off_duty,2026-02-09T23:22:53.592211Z,2026-02-10T00:43:07.479935Z,29.6634,-95.2516,456942,8.81,12.48,36.69,2.19,1.52
4e74843c-6447-4721-9d67-b02b86e5b016,be7cc63c-4f1a-42d3-bafb-3107be5e2203,,on_duty_not_driving,2026-02-08T18:00:00Z,2026-02-08T18:34:26.171268Z,39.5205,-94.1816,110607,0.0,0.57,21.93,11.0,13.43
36976969-ef24-4885-bbac-432d971df775,be7cc63c-4f1a-42d3-bafb-3107be5e2203,,sleeper_berth,2026-02-08T18:34:26.171268Z,2026-02-09T04:01:33.939261Z,29.5713,-95.027,549962,0.0,0.57,21.93,11.0,13.43
9f516b2e-5434-4b97-9154-7a008293e017,be7cc63c-4f1a-42d3-bafb-3107be5e2203,,driving,2026-02-09T04:01:33.939261Z,2026-02-09T08:26:36.903002Z,39.3736,-104.5161,332317,4.42,4.99,26.35,6.58,9.01
8f452e56-db5f-46cf-8b93-7c6072f0cc07,be7cc63c-4f1a-42d3-bafb-3107be5e2203,,sleeper_berth,2026-02-09T08:26:36.903002Z,2026-02-09T16:15:06.638797Z,30.4372,-82.0664,331586,4.42,4.99,26.35,6.58,9.01
e05251b1-ef9e-4c82-afb2-d2cf09bafa02,be7cc63c-4f1a-42d3-bafb-3107be5e2203,,on_duty_not_driving,2026-02-09T16:15:06.638797Z,2026-02-09T18:07:19.175946Z,30.5731,-81.3962,554656,4.42,6.86,28.22,6.58,7.14
77e90b1a-7916-4b4d-8992-1b063dd3ab54,be7cc63c-4f1a-42d3-bafb-3107be5e2203,,sleeper_berth,2026-02-09T18:07:19.175946Z,2026-02-10T03:35:06.163784Z,34.234,-118.6895,472018,4.42,6.86,28.22,6.58,7.14
71d09bc6-085b-427a-ba0a-f9cf0cf795cf,be7cc63c-4f1a-42d3-bafb-3107be5e2203,,off_duty,2026-02-10T03:35:06.163784Z,2026-02-10T05:48:21.217985Z,40.7851,-111.8223,191088,4.42,6.86,28.22,6.58,7.14
42fa4a61-db27-4461-9935-ff5b39d24ece,be7cc63c-4f1a-42d3-bafb-3107be5e2203,,on_duty_not_driving,2026-02-10T05:48:21.217985Z,2026-02-10T07:37:07.192988Z,40.0762,-105.2408,339310,4.42,8.67,30.03,6.58,5.33
44b0884c-0991-4947-acf7-b06d67f15ee1,d8d74053-833b-4c95-b15d-1eec0a0e16dc,,sleeper_berth,2026-02-08T12:00:00Z,2026-02-08T20:06:18.200818Z,39.1048,-94.4432,164945,0.0,0.0,52.13,11.0,14.0
6adfccf6-8f6c-4584-921b-97622200f626,d8d74053-833b-4c95-b15d-1eec0a0e16dc,,driving,2026-02-08T20:06:18.200818Z,2026-02-08T22:19:51.132240Z,39.1937,-94.901,556382,2.23,2.23,54.36,8.77,11.77
a9a1b5a0-92f8-4f15-9b7f-034d4b4e7dd0,d8d74053-833b-4c95-b15d-1eec0a0e16dc,,off_duty,2026-02-08T22:19:51.132240Z,2026-02-09T04:36:46.052289Z,39.6126,-85.8204,235612,2.23,2.23,54.36,8.77,11.77
5881d850-8776-4511-82a9-10cdce08d424,d8d74053-833b-4c95-b15d-1eec0a0e16dc,,driving,2026-02-09T04:36:46.052289Z,2026-02-09T06:58:04.801554Z,29.8819,-81.3019,508855,4.58,4.58,56.71,6.42,9.42
5c8ce9de-8293-49e6-a2f4-8b029e873489,d8d74053-833b-4c95-b15d-1eec0a0e16dc,,on_duty_not_driving,2026-02-09T06:58:04.801554Z,2026-02-09T08:45:13.201966Z,35.8878,-87.0749,441619,4.58,6.37,58.5,6.42,7.63
d117a520-c10d-4f8d-abf1-a66365927d96,d8d74053-833b-4c95-b15d-1eec0a0e16dc,,off_duty,2026-02-09T08:45:13.201966Z,2026-02-09T14:22:23.513940Z,41.0411,-111.6234,104665,4.58,6.37,58.5,6.42,7.63
a74e17d3-09bb-47c2-bb2f-7f44d5887c44,d8d74053-833b-4c95-b15d-1eec0a0e16dc,,off_duty,2026-02-09T14:22:23.513940Z,2026-02-09T23:34:36.614133Z,35.8359,-86.4807,217319,4.58,6.37,58.5,6.42,7.63
3b7b48a1-1850-44ea-88ad-5f13b841dcb2,bc2d3db5-fc71-45a9-8a20-9a0d38c9a903,,sleeper_berth,2026-02-08T16:00:00Z,2026-02-09T00:16:17.113447Z,30.6838,-81.6967,214404,0.0,0.0,41.29,11.0,14.0
f9d7f83c-c08a-4808-8351-d9380d635899,bc2d3db5-fc71-45a9-8a20-9a0d38c9a903,,off_duty,2026-02-09T00:16:17.113447Z,2026-02-09T03:59:26.614404Z,34.2668,-118.3579,153641,0.0,0.0,41.29,11.0,14.0
68d28d82-839d-4a7b-a4f8-b34dab4ee1be,bc2d3db5-fc71-45a9-8a20-9a0d38c9a903,3b9c6f4a-4ead-4ce6-a51a-e1d7c6829422,driving,2026-02-09T03:59:26.614404Z,2026-02-09T07:01:30.962553Z,36.6292,-86.4422,394365,3.03,3.03,44.33,7.97,10.97
3578820c-e7a1-494b-831a-11bd73bad5f1,bc2d3db5-fc71-45a9-8a20-9a0d38c9a903,,sleeper_berth,2026-02-09T07:01:30.962553Z,2026-02-09T14:55:14.502557Z,41.8598,-87.7935,244956,3.03,3.03,44.33,7.97,10.97
8ade402d-72bf-4f59-9da5-9111f5d4823e,bc2d3db5-fc71-45a9-8a20-9a0d38c9a903,,sleeper_berth,2026-02-09T14:55:14.502557Z,2026-02-10T00:30:18.611840Z,29.9165,-94.9176,441556,3.03,3.03,44.33,7.97,10.97
21d08da2-fe6c-4033-8495-51d559cd240b,bc2d3db5-fc71-45a9-8a20-9a0d38c9a903,,sleeper_berth,2026-02-10T00:30:18.611840Z,2026-02-10T08:04:12.900717Z,34.208,-117.8554,522277,3.03,3.03,44.33,7.97,10.97
b953cad1-5c5e-4154-ac28-97624f194f7b,bc2d3db5-fc71-45a9-8a20-9a0d38c9a903,,off_duty,2026-02-10T08:04:12.900717Z,2026-02-10T15:00:54.083204Z,35.8026,-87.2561,360766,3.03,3.03,44.33,7.97,10.97
3088521b-cdfe-47be-b04b-e49899ff17c6,bc2d3db5-fc71-45a9-8a20-9a0d38c9a903,,sleeper_berth,2026-02-10T15:00:54.083204Z,2026-02-10T22:47:35.886949Z,30.2368,-81.419,405672,3.03,3.03,44.33,7.97,10.97
506bf422-621f-4b6c-a3b8-eadf6c86c308,ea3acf71-4afa-4c26-a6cf-322f048b37d3,,off_duty,2026-02-08T15:00:00Z,2026-02-09T00:09:31.458778Z,36.0212,-86.9814,189121,0.0,0.0,32.01,11.0,14.0
6c72e21c-a75a-4997-92bf-efc6459f243c,ea3acf71-4afa-4c26-a6cf-322f048b37d3,,on_duty_not_driving,2026-02-09T00:09:31.458778Z,2026-02-09T01:05:57.892663Z,38.7276,-94.8199,523804,0.0,0.94,32.95,11.0,13.06
faef67aa-4228-423b-aa6b-356722a1126b,ea3acf71-4afa-4c26-a6cf-322f048b37d3,,on_duty_not_driving,2026-02-09T01:05:57.892663Z,2026-02-09T03:01:11.278916Z,47.4418,-122.7428,286270,0.0,2.86,34.87,11.0,11.14
0afcfdc2-5caf-41f1-8f1b-d4ba33bfb7ea,ea3acf71-4afa-4c26-a6cf-322f048b37d3,,on_duty_not_driving,2026-02-09T03:01:11.278916Z,2026-02-09T04:38:10.012534Z,29.6809,-94.983,294868,0.0,4.48,36.49,11.0,9.52
4c9c121d-1591-4af9-94c7-6ae313743cd5,ea3acf71-4afa-4c26-a6cf-322f048b37d3,,sleeper_berth,2026-02-09T04:38:10.012534Z,2026-02-09T13:23:34.176042Z,39.4509,-94.6081,554239,0.0,4.48,36.49,11.0,9.52
fdf81102-0824-4d3e-87f1-5a41bc0740bf,ea3acf71-4afa-4c26-a6cf-322f048b37d3,7568e6de-d656-4eba-bb96-b9f4304911e9,driving,2026-02-09T13:23:34.176042Z,2026-02-09T16:18:34.148612Z,39.7397,-104.6228,300104,2.92,7.39,39.4,8.08,6.61
41319a12-b73d-43cc-bacb-90bf3d0cc753,ea3acf71-4afa-4c26-a6cf-322f048b37d3,,sleeper_berth,2026-02-09T16:18:34.148612Z,2026-02-10T00:32:55.706955Z,41.115,-112.2536,205013,2.92,7.39,39.4,8.08,6.61
108f502a-3571-4f0e-9ac5-0ab5af7d6644,63bd5525-9a68-4494-8d0a-584779f269f8,,off_duty,2026-02-08T17:00:00Z,2026-02-08T19:17:20.462535Z,40.9765,-111.6121,355632,0.0,0.0,34.32,11.0,14.0
23904c69-4083-4963-833d-5b47215bed6c,63bd5525-9a68-4494-8d0a-584779f269f8,,sleeper_berth,2026-02-08T19:17:20.462535Z,2026-02-09T04:10:55.616475Z,32.5901,-97.239,337006,0.0,0.0,34.32,11.0,14.0
4ac05829-0085-4a86-9c22-cc19796fadc6,63bd5525-9a68-4494-8d0a-584779f269f8,,sleeper_berth,2026-02-09T04:10:55.616475Z,2026-02-09T11:48:36.946053Z,33.117,-111.8095,356679,0.0,0.0,34.32,11.0,14.0
41f4d262-14d9-43f1-8408-ddb4f52ea062,63bd5525-9a68-4494-8d0a-584779f269f8,d7372143-0565-4c69-856a-591089e0a2b8,driving,2026-02-09T11:48:36.946053Z,2026-02-09T13:41:54.530395Z,30.4657,-81.7523,350295,1.89,1.89,36.21,9.11,12.11
d3ab586c-b12d-423a-9b5a-08453243a0e5,63bd5525-9a68-4494-8d0a-584779f269f8,,off_duty,2026-02-09T13:41:54.530395Z,2026-02-09T14:44:25.810453Z,33.6419,-118.382,107380,1.89,1.89,36.21,9.11,12.11
ac03a731-2387-49fb-a73f-9b95bee191ea,63bd5525-9a68-4494-8d0a-584779f269f8,,sleeper_berth,2026-02-09T14:44:25.810453Z,2026-02-10T00:00:39.766023Z,33.6331,-118.0784,428564,1.89,1.89,36.21,9.11,12.11
5684bba9-a9c6-4c3f-91c5-b28bb7175847,63bd5525-9a68-4494-8d0a-584779f269f8,,on_duty_not_driving,2026-02-10T00:00:39.766023Z,2026-02-10T00:51:01.600864Z,47.4505,-122.7032,301090,1.89,2.73,37.05,9.11,11.27
d3a54f67-2ccd-4704-be03-e2875f6fe736,63bd5525-9a68-4494-8d0a-584779f269f8,,sleeper_berth,2026-02-10T00:51:01.600864Z,2026-02-10T08:21:05.418886Z,40.3065,-111.4425,339036,1.89,2.73,37.05,9.11,11.27
0beb078a-dc0b-453d-82c1-a90db106240d,63bd5525-9a68-4494-8d0a-584779f269f8,,sleeper_berth,2026-02-10T08:21:05.418886Z,2026-02-10T16:39:09.003370Z,36.6582,-86.9389,572584,1.89,2.73,37.05,9.11,11.27
b2d3b45b-dd95-4a7f-8af2-f187e285c2e7,63bd5525-9a68-4494-8d0a-584779f269f8,,off_duty,2026-02-10T16:39:09.003370Z,2026-02-10T20:53:08.732088Z,39.4041,-104.5834,525726,1.89,2.73,37.05,9.11,11.27
123535ca-32e9-41a7-89b6-55feffd991cd,d1ab7986-e120-4731-8490-d0c22e4203b6,,on_duty_not_driving,2026-02-08T18:00:00Z,2026-02-08T18:49:00.427237Z,33.8387,-84.719,292199,0.0,0.82,21.49,11.0,13.18
9deb5364-1605-4200-86c8-f33fef6668d4,d1ab7986-e120-4731-8490-d0c22e4203b6,,driving,2026-02-08T18:49:00.427237Z,2026-02-08T21:26:32.505510Z,35.9185,-86.7469,125473,2.63,3.44,24.11,8.37,10.56
1fc1babd-e32a-489f-8911-d55e7896a475,d1ab7986-e120-4731-8490-d0c22e4203b6,,driving,2026-02-08T21:26:32.505510Z,2026-02-09T00:55:41.780601Z,36.4988,-87.2334,160707,6.11,6.93,27.6,4.89,7.07
81bbcd08-d573-44cf-be6a-8fd0835e08d0,d1ab7986-e120-4731-8490-d0c22e4203b6,,off_duty,2026-02-09T00:55:41.780601Z,2026-02-09T05:55:37.563563Z,41.9254,-87.6554,180282,6.11,6.93,27.6,4.89,7.07
99f8da6f-4342-4cba-b5e3-7700bd2646ba,d1ab7986-e120-4731-8490-d0c22e4203b6,,on_duty_not_driving,2026-02-09T05:55:37.563563Z,2026-02-09T07:28:11.600521Z,35.672,-86.8607,152942,6.11,8.47,29.14,4.89,5.53
e02f71bf-89f8-4143-b5f7-ff3a5c600503,d1ab7986-e120-4731-8490-d0c22e4203b6,,sleeper_berth,2026-02-09T07:28:11.600521Z,2026-02-09T16:20:17.816510Z,40.3729,-73.8417,155005,6.11,8.47,29.14,4.89,5.53
f2b808d0-2c75-4e91-b6a0-50e15e3f0cf6,d1ab7986-e120-4731-8490-d0c22e4203b6,,driving,2026-02-09T16:20:17.816510Z,2026-02-09T18:41:11.049606Z,33.0547,-112.3754,204726,8.46,10.82,31.49,2.54,3.18
d2e86e9e-d916-4670-a8ed-a67f9a009d56,4c1835eb-d12e-425f-a9b1-cb6a2091152b,,sleeper_berth,2026-02-08T16:00:00Z,2026-02-09T01:06:37.116903Z,29.4208,-95.3217,577289,0.0,0.0,49.1,11.0,14.0
7a3a0e15-87ca-4e3e-996e-a2c58bc1b128,4c1835eb-d12e-425f-a9b1-cb6a2091152b,,on_duty_not_driving,2026-02-09T01:06:37.116903Z,2026-02-09T02:38:33.418046Z,38.9303,-95.0759,452129,0.0,1.53,50.63,11.0,12.47
ca48d5f0-187f-489c-8aaa-3bc54e98a988,4c1835eb-d12e-425f-a9b1-cb6a2091152b,2ef28fd7-af6e-4cd7-afc5-3c5db3f3ec24,driving,2026-02-09T02:38:33.418046Z,2026-02-09T06:51:47.722524Z,40.835,-111.8969,597783,4.22,5.75,54.86,6.78,8.25
87b3f6f8-1485-4093-904c-58654be827f6,4c1835eb-d12e-425f-a9b1-cb6a2091152b,2ef28fd7-af6e-4cd7-afc5-3c5db3f3ec24,driving,2026-02-09T06:51:47.722524Z,2026-02-09T10:42:06.605728Z,42.1017,-88.0285,234161,8.06,9.59,58.69,2.94,4.41
e7c36f22-6d0a-4503-b308-c8b8fa835eca,4c1835eb-d12e-425f-a9b1-cb6a2091152b,,on_duty_not_driving,2026-02-09T10:42:06.605728Z,2026-02-09T11:53:13.062396Z,29.5245,-95.8197,526339,8.06,10.78,59.88,2.94,3.22
2fefa0b1-6b0e-4c98-b36c-aa485ab870a4,4c1835eb-d12e-425f-a9b1-cb6a2091152b,,on_duty_not_driving,2026-02-09T11:53:13.062396Z,2026-02-09T13:41:53.420821Z,40.5514,-111.5894,263948,8.06,12.59,61.69,2.94,1.41
2197dee4-5448-4cf9-aa7e-edc92a3c8ebd,4c1835eb-d12e-425f-a9b1-cb6a2091152b,,off_duty,2026-02-09T13:41:53.420821Z,2026-02-09T21:20:42.123165Z,42.2293,-87.2395,105071,8.06,12.59,61.69,2.94,1.41
0a46fda2-b84c-4576-98de-c597e13e1fe3,7357484f-322b-4b5a-b8ff-2b079646cfb0,,sleeper_berth,2026-02-08T14:00:00Z,2026-02-08T22:04:21.295966Z,39.5548,-94.8103,484338,0.0,0.0,43.22,11.0,14.0
9eaa7701-4b97-48e3-829b-0dddbb0148be,7357484f-322b-4b5a-b8ff-2b079646cfb0,,driving,2026-02-08T22:04:21.295966Z,2026-02-09T00:41:25.615221Z,39.4513,-86.2573,339357,2.62,2.62,45.84,8.38,11.38
ed901df1-80de-49b1-8f82-9b9fc5b9060e,7357484f-322b-4b5a-b8ff-2b079646cfb0,,sleeper_berth,2026-02-09T00:41:25.615221Z,2026-02-09T10:11:51.265351Z,41.0864,-73.8725,440182,2.62,2.62,45.84,8.38,11.38
05419602-d6d1-496e-97ce-2d0bf2464ade,7357484f-322b-4b5a-b8ff-2b079646cfb0,,on_duty_not_driving,2026-02-09T10:11:51.265351Z,2026-02-09T10:52:01.770755Z,40.9621,-73.6908,542682,2.62,3.29,46.5,8.38,10.71
84414336-dd7f-41e7-90c2-86dfd025d51f,7357484f-322b-4b5a-b8ff-2b079646cfb0,,on_duty_not_driving,2026-02-09T10:52:01.770755Z,2026-02-09T11:31:21.821526Z,47.697,-122.0298,455673,2.62,3.94,47.16,8.38,10.06
0167a099-3e41-4394-9a5d-02476a67dcdd,7357484f-322b-4b5a-b8ff-2b079646cfb0,,off_duty,2026-02-09T11:31:21.821526Z,2026-02-09T14:09:14.663687Z,30.6114,-81.5443,552238,2.62,3.94,47.16,8.38,10.06
e2394483-1af4-4ba5-9ea4-1396ca51362f,7357484f-322b-4b5a-b8ff-2b079646cfb0,,on_duty_not_driving,2026-02-09T14:09:14.663687Z,2026-02-09T15:22:43.293831Z,38.7126,-94.6673,124102,2.62,5.17,48.39,8.38,8.83
0c22613f-082e-4f97-885c-f4ba4b42e71c,6e98b63f-0cf6-4d57-94e3-c3cb2510e638,,driving,2026-02-08T13:00:00Z,2026-02-08T16:36:49.336306Z,36.1875,-86.538,479465,3.61,3.61,32.77,7.39,10.39
7af1bca5-503a-4ae0-855b-2e74b222afb6,6e98b63f-0cf6-4d57-94e3-c3cb2510e638,,on_duty_not_driving,2026-02-08T16:36:49.336306Z,2026-02-08T18:34:49.972317Z,36.5358,-86.7625,460836,3.61,5.58,34.74,7.39,8.42
4d5e6637-22fe-4507-b571-b0670ee352f8,6e98b63f-0cf6-4d57-94e3-c3cb2510e638,,driving,2026-02-08T18:34:49.972317Z,2026-02-08T21:22:44.729714Z,40.4843,-74.3267,454573,6.41,8.38,37.54,4.59,5.62
78d35927-ae51-41ed-960f-dc7a4e5d0713,6e98b63f-0cf6-4d57-94e3-c3cb2510e638,,off_duty,2026-02-08T21:22:44.729714Z,2026-02-08T23:43:01.133967Z,40.8191,-111.4032,128608,6.41,8.38,37.54,4.59,5.62
45039b73-1a2b-4c97-b899-0fc379305ad3,6e98b63f-0cf6-4d57-94e3-c3cb2510e638,,driving,2026-02-08T23:43:01.133967Z,2026-02-09T03:08:49.840106Z,32.7823,-96.8277,359960,9.84,11.81,40.97,1.16,2.19
1e8855ef-d1c4-428e-8e7a-acb1228d7c91,6e98b63f-0cf6-4d57-94e3-c3cb2510e638,,on_duty_not_driving,2026-02-09T03:08:49.840106Z,2026-02-09T03:45:34.112415Z,38.9203,-94.7477,245834,9.84,12.42,41.58,1.16,1.58
a32ec634-8412-4e32-b21e-43b38c7bec25,6e98b63f-0cf6-4d57-94e3-c3cb2510e638,,driving,2026-02-09T03:45:34.112415Z,2026-02-09T06:46:48.949203Z,34.0858,-118.3518,223207,12.86,15.44,44.6,0,0
402d9153-cc91-4026-bca8-aba5330d8a2f,6e98b63f-0cf6-4d57-94e3-c3cb2510e638,,driving,2026-02-09T06:46:48.949203Z,2026-02-09T09:39:27.170826Z,33.5214,-112.486,361334,15.74,18.32,47.48,0,0
7a2dcd7b-2376-4340-a47d-74b524bdfd1e,98e29d5f-9b28-4fcc-897c-1d0ea4bb804d,f526c9aa-437f-432c-94a4-f637b82d48bf,driving,2026-02-08T19:00:00Z,2026-02-08T20:48:28.547872Z,29.868,-81.6066,533014,1.81,1.81,32.87,9.19,12.19
86580abc-d995-4890-9313-cd55de186b1c,98e29d5f-9b28-4fcc-897c-1d0ea4bb804d,f526c9aa-437f-432c-94a4-f637b82d48bf,driving,2026-02-08T20:48:28.547872Z,2026-02-09T00:40:59.807352Z,35.287,-89.6589,394824,5.68,5.68,36.75,5.32,8.32
351e8e9e-73af-45fc-a99a-e9aded24530c,98e29d5f-9b28-4fcc-897c-1d0ea4bb804d,,on_duty_not_driving,2026-02-09T00:40:59.807352Z,2026-02-09T02:09:54.625663Z,39.5501,-94.7153,128455,5.68,7.17,38.23,5.32,6.83
69fd3bd2-7655-4dde-925c-0fee6f8a1f3e,98e29d5f-9b28-4fcc-897c-1d0ea4bb804d,,on_duty_not_driving,2026-02-09T02:09:54.625663Z,2026-02-09T03:55:53.939837Z,39.8286,-86.0383,348058,5.68,8.93,39.99,5.32,5.07
f09d1b5b-292f-4c91-ae66-28fdc66a41de,98e29d5f-9b28-4fcc-897c-1d0ea4bb804d,,sleeper_berth,2026-02-09T03:55:53.939837Z,2026-02-09T13:04:45.805640Z,41.4755,-87.4709,101151,5.68,8.93,39.99,5.32,5.07
96b3c31f-08d7-4c00-8aa7-a0b6e30a8f44,98e29d5f-9b28-4fcc-897c-1d0ea4bb804d,,sleeper_berth,2026-02-09T13:04:45.805640Z,2026-02-09T21:08:41.306609Z,36.6271,-86.9896,373670,5.68,8.93,39.99,5.32,5.07
6fb58c52-575c-4e27-8afd-8637ffa077c9,98e29d5f-9b28-4fcc-897c-1d0ea4bb804d,,sleeper_berth,2026-02-09T21:08:41.306609Z,2026-02-10T06:15:03.943984Z,34.1459,-84.3956,530880,5.68,8.93,39.99,5.32,5.07
d5273a68-ec4b-45cd-b78b-967e4b5d8d37,98e29d5f-9b28-4fcc-897c-1d0ea4bb804d,,off_duty,2026-02-10T06:15:03.943984Z,2026-02-10T08:12:49.496763Z,34.8454,-90.4283,546795,5.68,8.93,39.99,5.32,5.07
224b0d78-8e1d-45e5-9583-eb85572d1add,98e29d5f-9b28-4fcc-897c-1d0ea4bb804d,,off_duty,2026-02-10T08:12:49.496763Z,2026-02-10T11:09:14.596705Z,41.0422,-111.6742,156500,5.68,8.93,39.99,5.32,5.07
1642f9a4-7749-4165-a3fa-e769b2f248f9,3c590c83-bca5-46f4-a42d-930866250f50,4dc67aab-2904-4cc7-9df8-b73e7345bc05,driving,2026-02-08T18:00:00Z,2026-02-08T21:48:59.167875Z,39.0571,-94.4893,364344,3.82,3.82,25.44,7.18,10.18
19975e63-dc60-4b9c-b8ba-c55726fa88cc,3c590c83-bca5-46f4-a42d-930866250f50,,on_duty_not_driving,2026-02-08T21:48:59.167875Z,2026-02-08T23:45:43.983558Z,33.7794,-84.8394,590370,3.82,5.76,27.39,7.18,8.24
b53e314c-3fd1-40dd-954e-74700dcd815e,3c590c83-bca5-46f4-a42d-930866250f50,,off_duty,2026-02-08T23:45:43.983558Z,2026-02-09T08:18:41.625544Z,39.5241,-94.2975,577197,3.82,5.76,27.39,7.18,8.24
cbcd3c59-26aa-478c-94fc-dec72cc7a5a0,3c590c83-bca5-46f4-a42d-930866250f50,,on_duty_not_driving,2026-02-09T08:18:41.625544Z,2026-02-09T09:50:57.441192Z,33.0072,-97.1686,303112,3.82,7.3,28.93,7.18,6.7
258dea2a-712d-453b-84ef-de9095d03d0c,3c590c83-bca5-46f4-a42d-930866250f50,,sleeper_berth,2026-02-09T09:50:57.441192Z,2026-02-09T18:21:41.830481Z,30.2509,-81.5467,463077,3.82,7.3,28.93,7.18,6.7
9165e769-a672-4b77-99b5-7a2d453c5a03,3c590c83-bca5-46f4-a42d-930866250f50,,on_duty_not_driving,2026-02-09T18:21:41.830481Z,2026-02-09T19:16:19.248233Z,40.2389,-86.2053,169925,3.82,8.21,29.84,7.18,5.79
e5804467-23af-496d-85a7-52160cacd901,3c590c83-bca5-46f4-a42d-930866250f50,,on_duty_not_driving,2026-02-09T19:16:19.248233Z,2026-02-09T20:23:28.073786Z,41.1221,-74.1601,542013,3.82,9.33,30.96,7.18,4.67
680f2898-9792-4825-bccc-bca4a9cec6d7,3c590c83-bca5-46f4-a42d-930866250f50,,sleeper_berth,2026-02-09T20:23:28.073786Z,2026-02-10T05:31:36.316835Z,47.6598,-122.6148,209949,3.82,9.33,30.96,7.18,4.67
34b725ef-6b62-4878-a67c-74c0068caf2e,3c590c83-bca5-46f4-a42d-930866250f50,,sleeper_berth,2026-02-10T05:31:36.316835Z,2026-02-10T14:35:11.718846Z,47.7786,-121.8508,440832,3.82,9.33,30.96,7.18,4.67
81f77b92-4b6a-444a-9d32-04e6fd06166a,3c590c83-bca5-46f4-a42d-930866250f50,,on_duty_not_driving,2026-02-10T14:35:11.718846Z,2026-02-10T15:50:32.743417Z,40.8726,-73.962,498865,3.82,10.59,32.21,7.18,3.41
85309c02-e6ed-4dd0-9d9b-6647ec550016,38ec0472-f3c6-4166-a245-c09c228fd65b,,off_duty,2026-02-08T17:00:00Z,2026-02-09T00:04:05.488931Z,47.9476,-122.5462,544229,0.0,0.0,39.68,11.0,14.0
481b0ea2-4535-48f9-a0d9-6ebd0e98a46f,38ec0472-f3c6-4166-a245-c09c228fd65b,,off_duty,2026-02-09T00:04:05.488931Z,2026-02-09T08:20:34.563781Z,33.549,-118.3742,127821,0.0,0.0,39.68,11.0,14.0
edf5b779-cc16-4705-84cb-7bf4ed48e39a,38ec0472-f3c6-4166-a245-c09c228fd65b,19c65082-5c66-4c95-940e-c73bdbeb05a7,driving,2026-02-09T08:20:34.563781Z,2026-02-09T10:26:33.509887Z,33.7339,-111.5905,458293,2.1,2.1,41.78,8.9,11.9
9a105fdf-d28f-477c-be27-cc2736897a8e,38ec0472-f3c6-4166-a245-c09c228fd65b,,sleeper_berth,2026-02-09T10:26:33.509887Z,2026-02-09T17:52:54.936501Z,33.9396,-84.5929,495100,2.1,2.1,41.78,8.9,11.9
04350ac5-e259-486b-b2a7-73b792a2a94c,38ec0472-f3c6-4166-a245-c09c228fd65b,19c65082-5c66-4c95-940e-c73bdbeb05a7,driving,2026-02-09T17:52:54.936501Z,2026-02-09T20:27:28.706824Z,38.7022,-94.2106,487707,4.68,4.68,44.36,6.32,9.32
145aed85-1c79-47da-a991-86e4a497c7b0,38ec0472-f3c6-4166-a245-c09c228fd65b,,on_duty_not_driving,2026-02-09T20:27:28.706824Z,2026-02-09T22:04:17.735598Z,33.8314,-118.2442,517770,4.68,6.29,45.97,6.32,7.71
c52c5d6f-905f-462a-a861-9342f558f4e1,38ec0472-f3c6-4166-a245-c09c228fd65b,,sleeper_berth,2026-02-09T22:04:17.735598Z,2026-02-10T07:09:01.445210Z,34.1755,-84.5004,513197,4.68,6.29,45.97,6.32,7.71
46101a1a-9661-4c0d-98f2-b5e769c91f74,38ec0472-f3c6-4166-a245-c09c228fd65b,,sleeper_berth,2026-02-10T07:09:01.445210Z,2026-02-10T17:02:52.443917Z,33.262,-84.6367,425353,4.68,6.29,45.97,6.32,7.71
02940e72-8046-4e6b-8ddb-e62f03df5e9d,38ec0472-f3c6-4166-a245-c09c228fd65b,,off_duty,2026-02-10T17:02:52.443917Z,2026-02-11T01:31:03.908732Z,47.74,-122.1226,292802,4.68,6.29,45.97,6.32,7.71
c1692653-c2c0-4aea-872d-207d36ade6e3,38ec0472-f3c6-4166-a245-c09c228fd65b,,on_duty_not_driving,2026-02-11T01:31:03.908732Z,2026-02-11T03:10:55.101156Z,39.5334,-105.3129,457909,4.68,7.95,47.63,6.32,6.05
5c5516df-7203-449f-8d14-314c5037fc1e,6f7e4a5d-303e-4053-b8be-f7f6a8505284,,driving,2026-02-08T13:00:00Z,2026-02-08T15:37:53.740852Z,30.1113,-81.8915,184373,2.63,2.63,29.18,8.37,11.37
72a41fb7-7927-43b3-99ac-790206a45ad6,6f7e4a5d-303e-4053-b8be-f7f6a8505284,,sleeper_berth,2026-02-08T15:37:53.740852Z,2026-02-08T22:38:54.708321Z,39.3094,-94.9238,180584,2.63,2.63,29.18,8.37,11.37
761c2449-2064-49f8-bb38-d40532cbff58,6f7e4a5d-303e-4053-b8be-f7f6a8505284,,sleeper_berth,2026-02-08T22:38:54.708321Z,2026-02-09T07:26:21.015907Z,33.8808,-111.9584,447021,2.63,2.63,29.18,8.37,11.37
9e86e105-6af7-470c-9cc0-7c13f2437456,6f7e4a5d-303e-4053-b8be-f7f6a8505284,,sleeper_berth,2026-02-09T07:26:21.015907Z,2026-02-09T15:54:38.966071Z,35.1997,-90.4761,471028,2.63,2.63,29.18,8.37,11.37
5cd99768-1c2c-42b7-8a35-fc5105d8f505,6f7e4a5d-303e-4053-b8be-f7f6a8505284,,sleeper_berth,2026-02-09T15:54:38.966071Z,2026-02-10T00:29:13.232797Z,32.7973,-96.5107,183556,2.63,2.63,29.18,8.37,11.37
59e19f48-e1c1-453f-8c6a-d5fb7c555180,6f7e4a5d-303e-4053-b8be-f7f6a8505284,,off_duty,2026-02-10T00:29:13.232797Z,2026-02-10T06:22:29.029822Z,29.9241,-81.9345,211858,2.63,2.63,29.18,8.37,11.37
5d91890f-0d9f-497e-ab93-dbe8195eb06f,6f7e4a5d-303e-4053-b8be-f7f6a8505284,,sleeper_berth,2026-02-10T06:22:29.029822Z,2026-02-10T14:22:04.548417Z,29.4788,-95.1171,378134,2.63,2.63,29.18,8.37,11.37
188f8c6a-4c69-47f8-b753-820e367dc055,25390829-eaa4-41f6-8d3c-7c4163e57697,,driving,2026-02-08T19:00:00Z,2026-02-08T22:30:24.535454Z,38.84,-94.4363,581614,3.51,3.51,58.39,7.49,10.49
74831f1d-a451-4fee-aa50-5c49351d9ba3,25390829-eaa4-41f6-8d3c-7c4163e57697,,on_duty_not_driving,2026-02-08T22:30:24.535454Z,2026-02-09T00:26:42.578261Z,36.5484,-86.9002,517441,3.51,5.45,60.33,7.49,8.55
e1b090b1-75ec-4722-b9ea-313368bfe31d,25390829-eaa4-41f6-8d3c-7c4163e57697,,driving,2026-02-09T00:26:42.578261Z,2026-02-09T03:06:10.038357Z,34.1665,-118.7304,370987,6.16,8.1,62.98,4.84,5.9
802f4987-c665-409b-a808-ad9d2a80c058,25390829-eaa4-41f6-8d3c-7c4163e57697,,sleeper_berth,2026-02-09T03:06:10.038357Z,2026-02-09T11:38:44.576228Z,33.8881,-118.7112,570958,6.16,8.1,62.98,4.84,5.9
c6b6f6c7-54af-4fcc-acbf-6dffe11a0256,25390829-eaa4-41f6-8d3c-7c4163e57697,,on_duty_not_driving,2026-02-09T11:38:44.576228Z,2026-02-09T12:37:34.265117Z,42.3263,-87.9624,505441,6.16,9.08,63.97,4.84,4.92
a58ca781-9b84-494e-a3eb-fdd568cdafe8,25390829-eaa4-41f6-8d3c-7c4163e57697,,driving,2026-02-09T12:37:34.265117Z,2026-02-09T16:00:25.142338Z,39.9095,-104.7167,553483,9.55,12.46,67.35,1.45,1.54
50f9f93d-53df-48fa-a0d2-47ece5d9cfe5,0c638cbc-3861-4af4-a795-950fead1cca1,,off_duty,2026-02-08T18:00:00Z,2026-02-09T00:49:08.581562Z,42.125,-87.976,340766,0.0,0.0,49.25,11.0,14.0
69c36d13-db21-4281-8a47-034db8290354,0c638cbc-3861-4af4-a795-950fead1cca1,,sleeper_berth,2026-02-09T00:49:08.581562Z,2026-02-09T07:55:57.753761Z,41.4324,-87.3356,392596,0.0,0.0,49.25,11.0,14.0
630ec279-3884-4af6-92c3-3520e07bee0f,0c638cbc-3861-4af4-a795-950fead1cca1,,driving,2026-02-09T07:55:57.753761Z,2026-02-09T11:09:27.346539Z,40.1502,-105.0827,336519,3.22,3.22,52.47,7.78,10.78
8f7b39a2-d6ec-4701-b400-726a6168a973,0c638cbc-3861-4af4-a795-950fead1cca1,,off_duty,2026-02-09T11:09:27.346539Z,2026-02-09T16:03:17.357661Z,33.6385,-84.7697,103092,3.22,3.22,52.47,7.78,10.78
a9c590fd-4a8a-4fd2-95a7-13c6aaa59e76,0c638cbc-3861-4af4-a795-950fead1cca1,,driving,2026-02-09T16:03:17.357661Z,2026-02-09T19:49:21.732105Z,34.695,-89.7007,287537,6.99,6.99,56.24,4.01,7.01
beceac30-6166-4a11-a4ca-2b2b2e65086e,0c638cbc-3861-4af4-a795-950fead1cca1,,driving,2026-02-09T19:49:21.732105Z,2026-02-09T22:11:31.967372Z,35.9641,-87.1951,501224,9.36,9.36,58.61,1.64,4.64
03e8ddb9-6320-4eca-bcee-97c8272feb84,0c638cbc-3861-4af4-a795-950fead1cca1,,off_duty,2026-02-09T22:11:31.967372Z,2026-02-10T02:37:29.767185Z,40.9215,-111.917,379690,9.36,9.36,58.61,1.64,4.64
bfbcf055-5193-48e2-a017-95c18817caaf,5037c3be-987f-42d0-88c8-4091cf894b3d,,sleeper_berth,2026-02-08T15:00:00Z,2026-02-09T00:52:49.450063Z,32.5748,-96.41,516817,0.0,0.0,24.77,11.0,14.0
71e6fa44-5ca6-4a07-a41b-595983151241,5037c3be-987f-42d0-88c8-4091cf894b3d,,sleeper_berth,2026-02-09T00:52:49.450063Z,2026-02-09T10:45:09.279873Z,33.8025,-84.3329,164610,0.0,0.0,24.77,11.0,14.0
14dda5bc-abd2-4651-9c35-347c1998d450,5037c3be-987f-42d0-88c8-4091cf894b3d,,driving,2026-02-09T10:45:09.279873Z,2026-02-09T12:16:03.602135Z,35.0436,-90.0015,144630,1.52,1.52,26.29,9.48,12.48
a74af80e-9d49-4ccb-8bfc-d53f9c6a714c,5037c3be-987f-42d0-88c8-4091cf894b3d,,sleeper_berth,2026-02-09T12:16:03.602135Z,2026-02-09T19:53:52.173354Z,41.1392,-74.3285,316349,1.52,1.52,26.29,9.48,12.48
1afac86b-9fea-4c39-af71-7d527e637ad5,5037c3be-987f-42d0-88c8-4091cf894b3d,,on_duty_not_driving,2026-02-09T19:53:52.173354Z,2026-02-09T20:38:21.326885Z,39.8561,-105.2376,160095,1.52,2.26,27.03,9.48,11.74
54a2e0da-6a94-4004-b4fb-050d23ed9598,5037c3be-987f-42d0-88c8-4091cf894b3d,,on_duty_not_driving,2026-02-09T20:38:21.326885Z,2026-02-09T22:08:44.607606Z,35.5018,-89.6976,588830,1.52,3.76,28.54,9.48,10.24
89265d47-6e7f-4dd3-8da7-c982d06493ac,5037c3be-987f-42d0-88c8-4091cf894b3d,,off_duty,2026-02-09T22:08:44.607606Z,2026-02-10T04:56:52.061855Z,41.6688,-88.0624,151486,1.52,3.76,28.54,9.48,10.24
c3c5a7cb-7906-4318-9e97-b4f39fec8a83,5037c3be-987f-42d0-88c8-4091cf894b3d,,on_duty_not_driving,2026-02-10T04:56:52.061855Z,2026-02-10T06:32:10.243845Z,39.5512,-94.7215,451952,1.52,5.35,30.12,9.48,8.65
9dc74beb-f8a5-44bd-b9e5-4ad33fd23f69,5037c3be-987f-42d0-88c8-4091cf894b3d,,on_duty_not_driving,2026-02-10T06:32:10.243845Z,2026-02-10T07:11:10.487154Z,34.7193,-90.3555,354731,1.52,6.0,30.77,9.48,8.0
a684fd83-8d80-47f8-9c3f-dd8d4d209ce0,dcbe0531-551b-41b1-91fc-a4d6fb312c99,,on_duty_not_driving,2026-02-08T19:00:00Z,2026-02-08T20:20:53.980843Z,40.0761,-85.6994,188415,0.0,1.35,32.84,11.0,12.65
f2efa5b1-cfac-4b55-87f8-bfb03a597144,dcbe0531-551b-41b1-91fc-a4d6fb312c99,58b6aaba-68ee-4e2e-81ca-5967459c9e9a,driving,2026-02-08T20:20:53.980843Z,2026-02-08T22:47:16.700475Z,33.1699,-111.8342,328654,2.44,3.79,35.28,8.56,10.21
fa052e3b-8411-4c09-a264-a2eb92dc25ce,dcbe0531-551b-41b1-91fc-a4d6fb312c99,,sleeper_berth,2026-02-08T22:47:16.700475Z,2026-02-09T08:18:29.889110Z,32.9563,-96.9654,351634,2.44,3.79,35.28,8.56,10.21
aac7cd38-62b5-4546-baf3-74c7ace58cb9,dcbe0531-551b-41b1-91fc-a4d6fb312c99,,off_duty,2026-02-09T08:18:29.889110Z,2026-02-09T13:18:59.487454Z,33.2539,-112.0223,192154,2.44,3.79,35.28,8.56,10.21
3e8dd87c-0ba4-488b-9c53-a295244695f8,dcbe0531-551b-41b1-91fc-a4d6fb312c99,58b6aaba-68ee-4e2e-81ca-5967459c9e9a,driving,2026-02-09T13:18:59.487454Z,2026-02-09T17:20:30.851804Z,41.0872,-111.4997,202986,6.47,7.81,39.31,4.53,6.19
bf06227a-7c62-4963-a0a7-8d03eec67180,dcbe0531-551b-41b1-91fc-a4d6fb312c99,,sleeper_berth,2026-02-09T17:20:30.851804Z,2026-02-10T02:32:33.133668Z,35.7392,-87.2062,109767,6.47,7.81,39.31,4.53,6.19
190c8834-1bab-489a-b9b3-c941cd7f68e0,dcbe0531-551b-41b1-91fc-a4d6fb312c99,58b6aaba-68ee-4e2e-81ca-5967459c9e9a,driving,2026-02-10T02:32:33.133668Z,2026-02-10T06:28:49.671586Z,35.0546,-89.959,575164,10.4,11.75,43.24,0.6,2.25
457b3d17-e989-44fc-bc89-5ff0032c3af6,dcbe0531-551b-41b1-91fc-a4d6fb312c99,58b6aaba-68ee-4e2e-81ca-5967459c9e9a,driving,2026-02-10T06:28:49.671586Z,2026-02-10T09:38:06.886770Z,34.3365,-118.2154,442836,13.56,14.91,46.4,0,0
494e73d8-2581-4e52-a003-3147913f90c6,124246a3-2dd0-44d1-808e-bf4e7fbbf6c2,,sleeper_berth,2026-02-08T14:00:00Z,2026-02-08T21:24:05.917602Z,33.9529,-118.3583,363280,0.0,0.0,32.8,11.0,14.0
91a304c9-e45c-4279-86c9-ad7ee3903c4d,124246a3-2dd0-44d1-808e-bf4e7fbbf6c2,,driving,2026-02-08T21:24:05.917602Z,2026-02-09T00:53:22.845287Z,41.2248,-111.4091,458697,3.49,3.49,36.29,7.51,10.51
faf1ee74-34e5-40f5-9958-df010ccbb490,124246a3-2dd0-44d1-808e-bf4e7fbbf6c2,,on_duty_not_driving,2026-02-09T00:53:22.845287Z,2026-02-09T02:31:31.758072Z,32.7229,-97.1179,597398,3.49,5.12,37.93,7.51,8.88
65c3d3eb-e9a6-4880-bcaa-6026df2c9dd2,124246a3-2dd0-44d1-808e-bf4e7fbbf6c2,,on_duty_not_driving,2026-02-09T02:31:31.758072Z,2026-02-09T04:07:45.725040Z,39.5389,-95.0382,499230,3.49,6.73,39.53,7.51,7.27
3c1add8b-3e24-423a-a436-121c23a15867,124246a3-2dd0-44d1-808e-bf4e7fbbf6c2,,off_duty,2026-02-09T04:07:45.725040Z,2026-02-09T07:12:54.422046Z,29.6298,-95.827,208409,3.49,6.73,39.53,7.51,7.27
0be95937-0b3c-48e5-a8ca-b68d67536b91,124246a3-2dd0-44d1-808e-bf4e7fbbf6c2,,sleeper_berth,2026-02-09T07:12:54.422046Z,2026-02-09T15:22:45.827633Z,47.5608,-122.7857,440013,3.49,6.73,39.53,7.51,7.27
2b7981a7-0040-4f2c-a315-fca1bb9b0afb,124246a3-2dd0-44d1-808e-bf4e7fbbf6c2,,sleeper_berth,2026-02-09T15:22:45.827633Z,2026-02-09T22:41:20.657772Z,34.0761,-118.4816,488974,3.49,6.73,39.53,7.51,7.27
f1bc029d-22d1-418b-a2c4-f9f5b66b7b89,3b9661f0-1375-4a55-94ba-4b539f9359a5,,on_duty_not_driving,2026-02-08T16:00:00Z,2026-02-08T17:03:53.961676Z,30.1975,-81.5024,538026,0.0,1.06,41.32,11.0,12.94
d4653cac-b3b4-427e-86b1-47258e208f3b,3b9661f0-1375-4a55-94ba-4b539f9359a5,,driving,2026-02-08T17:03:53.961676Z,2026-02-08T20:06:53.920970Z,30.8049,-81.9328,312778,3.05,4.11,44.37,7.95,9.89
01dce0f3-bb7e-4a5f-8ecf-b44047bf6218,3b9661f0-1375-4a55-94ba-4b539f9359a5,,sleeper_berth,2026-02-08T20:06:53.920970Z,2026-02-09T05:34:00.078035Z,39.7553,-86.176,416780,3.05,4.11,44.37,7.95,9.89
21d71190-af80-4e26-bd5c-d857d7ccc0ba,3b9661f0-1375-4a55-94ba-4b539f9359a5,,driving,2026-02-09T05:34:00.078035Z,2026-02-09T08:34:19.917467Z,32.7166,-97.067,369767,6.06,7.12,47.37,4.94,6.88
69d46c5a-e64d-4d43-a54a-a81d004b5135,3b9661f0-1375-4a55-94ba-4b539f9359a5,,sleeper_berth,2026-02-09T08:34:19.917467Z,2026-02-09T16:12:24.302192Z,32.4341,-96.695,528319,6.06,7.12,47.37,4.94,6.88
795f0054-a69c-48b2-84a0-7704b3fcac0b,3b9661f0-1375-4a55-94ba-4b539f9359a5,,driving,2026-02-09T16:12:24.302192Z,2026-02-09T19:41:24.286335Z,30.6434,-81.4354,352453,9.54,10.6,50.86,1.46,3.4
4d4be25b-51bd-4bf1-8c20-6d6756274822,3b9661f0-1375-4a55-94ba-4b539f9359a5,,off_duty,2026-02-09T19:41:24.286335Z,2026-02-10T01:00:04.572028Z,34.8107,-89.7156,111768,9.54,10.6,50.86,1.46,3.4
196714eb-c8b0-4eb5-bbf4-5dd66140e340,3b9661f0-1375-4a55-94ba-4b539f9359a5,,on_duty_not_driving,2026-02-10T01:00:04.572028Z,2026-02-10T01:33:57.551417Z,35.2418,-90.4143,368772,9.54,11.17,51.42,1.46,2.83
460075c6-1490-48d3-9d93-d5e57a4e8f98,3b9661f0-1375-4a55-94ba-4b539f9359a5,,driving,2026-02-10T01:33:57.551417Z,2026-02-10T05:44:18.166269Z,32.3326,-97.0387,194391,13.71,15.34,55.59,0,0
3d1106c0-0edb-4bfc-8274-a20fd6a562a5,3b9661f0-1375-4a55-94ba-4b539f9359a5,,off_duty,2026-02-10T05:44:18.166269Z,2026-02-10T12:07:57.350008Z,35.2871,-89.6705,481668,13.71,15.34,55.59,0,0
75cfd561-b817-41c9-9cdc-7c18d2107aba,6f5502e0-45f9-48aa-8ab3-dafdc0955803,,off_duty,2026-02-08T16:00:00Z,2026-02-08T22:27:31.439093Z,39.467,-94.908,535349,0.0,0.0,53.15,11.0,14.0
fbe7098e-fb34-4964-b832-7a6ea2dd3d04,6f5502e0-45f9-48aa-8ab3-dafdc0955803,,off_duty,2026-02-08T22:27:31.439093Z,2026-02-09T04:51:58.613440Z,33.531,-111.8065,426742,0.0,0.0,53.15,11.0,14.0
375a37f9-4558-4319-a978-093ba583afac,6f5502e0-45f9-48aa-8ab3-dafdc0955803,,sleeper_berth,2026-02-09T04:51:58.613440Z,2026-02-09T12:22:10.007817Z,36.0054,-86.8281,409642,0.0,0.0,53.15,11.0,14.0
7ab1d159-6adf-47a4-bac2-69d701001e6f,6f5502e0-45f9-48aa-8ab3-dafdc0955803,,driving,2026-02-09T12:22:10.007817Z,2026-02-09T14:33:31.996719Z,29.9644,-82.1391,374051,2.19,2.19,55.34,8.81,11.81
d83c851b-0eea-438a-9f77-3668850eaa24,6f5502e0-45f9-48aa-8ab3-dafdc0955803,,off_duty,2026-02-09T14:33:31.996719Z,2026-02-09T22:59:51.056332Z,34.7458,-90.0731,422305,2.19,2.19,55.34,8.81,11.81
4102f65f-6026-4b07-9c28-fd92085861a2,6f5502e0-45f9-48aa-8ab3-dafdc0955803,,driving,2026-02-09T22:59:51.056332Z,2026-02-10T03:07:50.784820Z,33.9458,-118.6376,352833,6.32,6.32,59.48,4.68,7.68
0530f563-feac-446e-8726-be1015175046,6f5502e0-45f9-48aa-8ab3-dafdc0955803,,on_duty_not_driving,2026-02-10T03:07:50.784820Z,2026-02-10T04:59:01.502501Z,34.27,-117.8581,506255,6.32,8.18,61.33,4.68,5.82
27d1eabc-f12d-4546-92d5-4aa23b3e9aad,8af94e29-7920-4e66-979d-842bbd321630,2e4ea0bb-8578-42f7-8ad5-ec436ca98193,driving,2026-02-08T18:00:00Z,2026-02-08T21:35:34.542317Z,30.0617,-81.3534,513954,3.59,3.59,41.86,7.41,10.41
d6899ddf-a926-4086-b21e-6761fad70077,8af94e29-7920-4e66-979d-842bbd321630,,off_duty,2026-02-08T21:35:34.542317Z,2026-02-09T01:44:51.319483Z,33.6898,-111.8125,465275,3.59,3.59,41.86,7.41,10.41
9011ee4c-f7d0-4d04-9e25-89fb67d8dd53,8af94e29-7920-4e66-979d-842bbd321630,2e4ea0bb-8578-42f7-8ad5-ec436ca98193,driving,2026-02-09T01:44:51.319483Z,2026-02-09T04:31:26.604969Z,29.7375,-95.6373,550391,6.37,6.37,44.64,4.63,7.63
8afafc9b-6526-48d5-bba2-449ca6b62ab5,8af94e29-7920-4e66-979d-842bbd321630,2e4ea0bb-8578-42f7-8ad5-ec436ca98193,driving,2026-02-09T04:31:26.604969Z,2026-02-09T06:52:25.884983Z,47.6499,-122.5743,102867,8.72,8.72,46.99,2.28,5.28
fc27af8e-7b71-4a69-b2fd-9d1a6accd357,8af94e29-7920-4e66-979d-842bbd321630,2e4ea0bb-8578-42f7-8ad5-ec436ca98193,driving,2026-02-09T06:52:25.884983Z,2026-02-09T10:06:28.146158Z,41.8979,-87.7548,207698,11.95,11.95,50.22,0,2.05
cfec8f0a-a4c3-4752-b86a-abbd956910f7,8af94e29-7920-4e66-979d-842bbd321630,,sleeper_berth,2026-02-09T10:06:28.146158Z,2026-02-09T18:20:03.672991Z,41.5329,-87.4782,232976,11.95,11.95,50.22,0,2.05
5fa72c6b-847c-43c0-85f2-96592727b90a,8af94e29-7920-4e66-979d-842bbd321630,,sleeper_berth,2026-02-09T18:20:03.672991Z,2026-02-10T03:53:57.423795Z,30.3969,-81.5438,456833,11.95,11.95,50.22,0,2.05
c52cc13e-7978-4463-b517-0cf86c49484b,8af94e29-7920-4e66-979d-842bbd321630,,off_duty,2026-02-10T03:53:57.423795Z,2026-02-10T11:41:38.513375Z,30.3843,-81.5981,193700,11.95,11.95,50.22,0,2.05
be1c56c5-00f3-4f22-a6b2-56a5c6607978,6798ba4b-ce7a-47e3-ac07-d1aeda51330c,,sleeper_berth,2026-02-08T17:00:00Z,2026-02-09T02:57:55.889251Z,34.9939,-89.8435,485761,0.0,0.0,39.57,11.0,14.0
34f1940e-919c-4be3-a49d-595cc10654b7,6798ba4b-ce7a-47e3-ac07-d1aeda51330c,,on_duty_not_driving,2026-02-09T02:57:55.889251Z,2026-02-09T04:44:52.883434Z,35.7818,-87.0518,510574,0.0,1.78,41.35,11.0,12.22
a052b334-5fc7-43ee-b667-184703f93427,6798ba4b-ce7a-47e3-ac07-d1aeda51330c,,on_duty_not_driving,2026-02-09T04:44:52.883434Z,2026-02-09T05:23:54.387969Z,33.8431,-118.4167,388660,0.0,2.43,42.0,11.0,11.57
79014a47-8f67-42d3-8925-48b0709db63d,6798ba4b-ce7a-47e3-ac07-d1aeda51330c,,driving,2026-02-09T05:23:54.387969Z,2026-02-09T07:22:50.358468Z,35.668,-87.1905,176193,1.98,4.42,43.98,9.02,9.58
adaedf43-6cb4-4e1a-81db-8775fb5f7cbf,6798ba4b-ce7a-47e3-ac07-d1aeda51330c,,off_duty,2026-02-09T07:22:50.358468Z,2026-02-09T16:42:48.280393Z,29.9203,-81.8926,294424,1.98,4.42,43.98,9.02,9.58
6c7b52c8-bccd-4a6e-b95e-1faf5059fd9f,6798ba4b-ce7a-47e3-ac07-d1aeda51330c,,driving,2026-02-09T16:42:48.280393Z,2026-02-09T20:02:25.792094Z,40.62,-73.688,421894,5.31,7.74,47.31,5.69,6.26
40583f0d-d401-443c-909f-fc917c01990d,6798ba4b-ce7a-47e3-ac07-d1aeda51330c,,sleeper_berth,2026-02-09T20:02:25.792094Z,2026-02-10T05:10:31.135076Z,34.707,-89.7754,191892,5.31,7.74,47.31,5.69,6.26
334e8328-e6d0-499c-8733-1cdc7b5f4586,6798ba4b-ce7a-47e3-ac07-d1aeda51330c,,off_duty,2026-02-10T05:10:31.135076Z,2026-02-10T10:07:33.829449Z,40.0898,-104.5595,371661,5.31,7.74,47.31,5.69,6.26
89f37806-48da-4d5b-87ae-12b8655a47c2,6798ba4b-ce7a-47e3-ac07-d1aeda51330c,,sleeper_berth,2026-02-10T10:07:33.829449Z,2026-02-10T17:42:37.091590Z,33.5479,-112.0582,221462,5.31,7.74,47.31,5.69,6.26
77fa5ce7-847a-4058-bbc1-010c2876ed48,fee6aa59-e34b-4585-bf86-ee4e9a10b127,,on_duty_not_driving,2026-02-08T14:00:00Z,2026-02-08T15:28:57.103245Z,32.3635,-97.0211,309418,0.0,1.48,45.07,11.0,12.52
79aa0c60-7197-42eb-9bc0-5f909d949501,fee6aa59-e34b-4585-bf86-ee4e9a10b127,,sleeper_berth,2026-02-08T15:28:57.103245Z,2026-02-09T00:29:29.453346Z,30.4183,-81.638,486361,0.0,1.48,45.07,11.0,12.52
d274620b-22f0-48a7-8e37-a2e1557e63be,fee6aa59-e34b-4585-bf86-ee4e9a10b127,,driving,2026-02-09T00:29:29.453346Z,2026-02-09T04:44:56.569494Z,33.727,-117.9253,579728,4.26,5.74,49.33,6.74,8.26
ebfcc310-5ff4-47d0-8c55-695d651d9994,fee6aa59-e34b-4585-bf86-ee4e9a10b127,,sleeper_berth,2026-02-09T04:44:56.569494Z,2026-02-09T12:47:29.300454Z,40.5373,-111.7846,201987,4.26,5.74,49.33,6.74,8.26
8ec3ff9e-e139-448b-9a5e-fca82f9c647c,fee6aa59-e34b-4585-bf86-ee4e9a10b127,,off_duty,2026-02-09T12:47:29.300454Z,2026-02-09T22:09:32.028896Z,34.6542,-90.374,365414,4.26,5.74,49.33,6.74,8.26
9ba17dd5-8eef-49b1-b4bb-d90cfa816099,fee6aa59-e34b-4585-bf86-ee4e9a10b127,,driving,2026-02-09T22:09:32.028896Z,2026-02-10T01:20:05.240595Z,33.7368,-117.8081,520972,7.43,8.92,52.51,3.57,5.08
24036cc8-db64-4318-92b1-3ee5130e6e97,fee6aa59-e34b-4585-bf86-ee4e9a10b127,,sleeper_berth,2026-02-10T01:20:05.240595Z,2026-02-10T10:57:47.261494Z,41.0542,-112.1409,332138,7.43,8.92,52.51,3.57,5.08
50d0294c-9f3a-4555-ab35-ab633b4ebed9,fee6aa59-e34b-4585-bf86-ee4e9a10b127,,off_duty,2026-02-10T10:57:47.261494Z,2026-02-10T17:01:53.924257Z,33.1917,-112.2343,506637,7.43,8.92,52.51,3.57,5.08
bffc6fb1-9d98-479c-8e6a-62137e99920a,2f88bf7b-e601-4be4-ae67-4253f395366c,,driving,2026-02-08T19:00:00Z,2026-02-08T21:56:45.277750Z,29.328,-95.2361,215543,2.95,2.95,46.8,8.05,11.05
83bf22b1-5c73-4cb2-8dee-f35bdaf41c59,2f88bf7b-e601-4be4-ae67-4253f395366c,,on_duty_not_driving,2026-02-08T21:56:45.277750Z,2026-02-08T23:38:46.149277Z,30.7876,-81.6392,105097,2.95,4.65,48.5,8.05,9.35
5239fbe6-e819-4d5a-9a92-98fab0027446,2f88bf7b-e601-4be4-ae67-4253f395366c,,sleeper_berth,2026-02-08T23:38:46.149277Z,2026-02-09T07:23:27.331458Z,41.777,-87.381,279302,2.95,4.65,48.5,8.05,9.35
2be5a8e7-164d-4708-aa17-a051fbad4ff4,2f88bf7b-e601-4be4-ae67-4253f395366c,,driving,2026-02-09T07:23:27.331458Z,2026-02-09T10:33:16.487702Z,32.7533,-96.9435,568879,6.11,7.81,51.67,4.89,6.19
35929fcf-0491-42f9-87d7-f612888a3fc7,2f88bf7b-e601-4be4-ae67-4253f395366c,,sleeper_berth,2026-02-09T10:33:16.487702Z,2026-02-09T18:06:10.559791Z,40.9188,-73.7625,361619,6.11,7.81,51.67,4.89,6.19
5207f456-154a-4445-97d3-a7e05bd09ad4,2f88bf7b-e601-4be4-ae67-4253f395366c,,on_duty_not_driving,2026-02-09T18:06:10.559791Z,2026-02-09T18:57:18.811199Z,40.1119,-105.2835,206308,6.11,8.66,52.52,4.89,5.34
c30a38ae-05b6-4f03-9e0a-feca8944a3c7,2f88bf7b-e601-4be4-ae67-4253f395366c,,on_duty_not_driving,2026-02-09T18:57:18.811199Z,2026-02-09T20:42:35.018633Z,39.4244,-86.5514,582443,6.11,10.42,54.27,4.89,3.58
8e989ac4-5c2c-43aa-8061-9f632620d04b,2f88bf7b-e601-4be4-ae67-4253f395366c,,driving,2026-02-09T20:42:35.018633Z,2026-02-10T00:14:13.789582Z,36.1554,-87.275,549361,9.64,13.94,57.8,1.36,0.06
44cba4ca-d72f-4516-9e97-be0d4fb81f7d,2f88bf7b-e601-4be4-ae67-4253f395366c,,driving,2026-02-10T00:14:13.789582Z,2026-02-10T04:16:52.304016Z,39.8891,-86.1658,561891,13.68,17.99,61.84,0,0
89b6a2fd-a2a0-4209-9ffd-79be684b2ae5,2f88bf7b-e601-4be4-ae67-4253f395366c,,sleeper_berth,2026-02-10T04:16:52.304016Z,2026-02-10T12:45:13.001813Z,33.8644,-112.2937,216440,13.68,17.99,61.84,0,0
491c1e9d-8fc0-4dd8-a236-ba41fa0205b2,e672a135-d09a-459b-b944-448400ff9908,,off_duty,2026-02-08T14:00:00Z,2026-02-08T23:27:24.803252Z,33.7515,-84.4943,459839,0.0,0.0,21.9,11.0,14.0
19f935a3-6946-427f-af65-2a2563141d0c,e672a135-d09a-459b-b944-448400ff9908,,on_duty_not_driving,2026-02-08T23:27:24.803252Z,2026-02-09T00:38:33.661837Z,42.0763,-87.6697,461344,0.0,1.19,23.08,11.0,12.81
b6ee1c39-5a06-49ee-a3b6-7ced3bdd9d2a,e672a135-d09a-459b-b944-448400ff9908,,driving,2026-02-09T00:38:33.661837Z,2026-02-09T02:10:41.317606Z,39.6186,-105.3896,289583,1.54,2.72,24.62,9.46,11.28
2b9bbdee-1da4-4a84-bccb-69e894b27660,e672a135-d09a-459b-b944-448400ff9908,,sleeper_berth,2026-02-09T02:10:41.317606Z,2026-02-09T09:44:22.563979Z,29.4975,-95.3985,421432,1.54,2.72,24.62,9.46,11.28
883b5666-93f4-4dfc-9c56-03605a36e61e,e672a135-d09a-459b-b944-448400ff9908,,sleeper_berth,2026-02-09T09:44:22.563979Z,2026-02-09T17:50:14.544811Z,39.0236,-94.6595,494367,1.54,2.72,24.62,9.46,11.28
56bff2e7-d4e2-46ff-8c3f-a6f2d18c1915,e672a135-d09a-459b-b944-448400ff9908,,sleeper_berth,2026-02-09T17:50:14.544811Z,2026-02-10T01:55:57.387062Z,30.1118,-81.9758,168754,1.54,2.72,24.62,9.46,11.28
6402df98-31c4-4022-bbec-5551a8fedafd,e672a135-d09a-459b-b944-448400ff9908,,on_duty_not_driving,2026-02-10T01:55:57.387062Z,2026-02-10T03:39:14.016648Z,40.5056,-74.4366,326607,1.54,4.44,26.34,9.46,9.56
4351f503-c8c1-41d6-9481-2253512c0d08,e672a135-d09a-459b-b944-448400ff9908,,off_duty,2026-02-10T03:39:14.016648Z,2026-02-10T06:25:06.464786Z,33.9075,-112.4245,522402,1.54,4.44,26.34,9.46,9.56
48bc3f4f-508e-4500-ad5c-33e9ed20fb3f,e672a135-d09a-459b-b944-448400ff9908,,driving,2026-02-10T06:25:06.464786Z,2026-02-10T08:26:53.823374Z,38.7342,-94.1853,430643,3.57,6.47,28.37,7.43,7.53
a71f7dae-0e29-4ce3-acfa-7cd564493da2,d75464b1-f499-482c-9993-0083604ec7b9,,off_duty,2026-02-08T20:00:00Z,2026-02-08T23:42:01.107502Z,34.301,-118.7074,151891,0.0,0.0,38.69,11.0,14.0
0bbbbee3-75bc-4bb9-8fa9-4955307f9e3d,d75464b1-f499-482c-9993-0083604ec7b9,,on_duty_not_driving,2026-02-08T23:42:01.107502Z,2026-02-09T00:17:25.303942Z,40.5151,-111.552,150489,0.0,0.59,39.28,11.0,13.41
e00ed9c9-cd80-4c1f-a3fa-4674e9e89470,d75464b1-f499-482c-9993-0083604ec7b9,,off_duty,2026-02-09T00:17:25.303942Z,2026-02-09T07:59:30.124285Z,29.6214,-95.3094,588554,0.0,0.59,39.28,11.0,13.41
90f4fd5b-1761-469b-b694-460c901cf1ac,d75464b1-f499-482c-9993-0083604ec7b9,,sleeper_berth,2026-02-09T07:59:30.124285Z,2026-02-09T16:01:26.839271Z,29.9534,-81.2883,417496,0.0,0.59,39.28,11.0,13.41
22527d41-4703-45a4-9813-2e4323db7992,d75464b1-f499-482c-9993-0083604ec7b9,,on_duty_not_driving,2026-02-09T16:01:26.839271Z,2026-02-09T17:23:21.849556Z,36.3118,-87.1071,509106,0.0,1.96,40.64,11.0,12.04
a2298850-78c8-489c-b74d-3999b96a33af,d75464b1-f499-482c-9993-0083604ec7b9,,sleeper_berth,2026-02-09T17:23:21.849556Z,2026-02-10T01:27:17.027171Z,36.1731,-86.5069,334320,0.0,1.96,40.64,11.0,12.04
b7264512-345e-44ea-bad3-404965e07dae,d75464b1-f499-482c-9993-0083604ec7b9,,driving,2026-02-10T01:27:17.027171Z,2026-02-10T04:05:52.593954Z,29.7242,-94.9132,555217,2.64,4.6,43.29,8.36,9.4
9d11599d-34d5-42b9-b1a9-13e0ffba85fe,d75464b1-f499-482c-9993-0083604ec7b9,,on_duty_not_driving,2026-02-10T04:05:52.593954Z,2026-02-10T05:33:31.729479Z,47.4436,-122.2008,399702,2.64,6.06,44.75,8.36,7.94
827fe4b4-cc8c-434f-8548-1f5c6dc83ed4,1f75bbd7-85fa-48b0-908f-aa17bd8f7f89,5f44fb2b-8941-4277-a261-7ca47ba6594d,driving,2026-02-08T18:00:00Z,2026-02-08T19:59:09.594481Z,39.5527,-104.8373,472471,1.99,1.99,51.7,9.01,12.01
5891c3db-b305-4724-b376-368b67c3def9,1f75bbd7-85fa-48b0-908f-aa17bd8f7f89,,sleeper_berth,2026-02-08T19:59:09.594481Z,2026-02-09T04:48:07.752190Z,30.1034,-81.7108,552359,1.99,1.99,51.7,9.01,12.01
4b9f57d8-1ee1-4115-b38d-baad79b1cdb8,1f75bbd7-85fa-48b0-908f-aa17bd8f7f89,,sleeper_berth,2026-02-09T04:48:07.752190Z,2026-02-09T14:02:45.023574Z,34.408,-118.3411,196409,1.99,1.99,51.7,9.01,12.01
8f224ac0-e467-4339-9e92-a70c84605ad6,1f75bbd7-85fa-48b0-908f-aa17bd8f7f89,5f44fb2b-8941-4277-a261-7ca47ba6594d,driving,2026-02-09T14:02:45.023574Z,2026-02-09T15:55:15.454610Z,39.9012,-104.5499,467366,3.86,3.86,53.57,7.14,10.14
b860ee3d-8d7b-455d-9d6f-c1502581cdce,1f75bbd7-85fa-48b0-908f-aa17bd8f7f89,5f44fb2b-8941-4277-a261-7ca47ba6594d,driving,2026-02-09T15:55:15.454610Z,2026-02-09T18:03:09.626718Z,29.9352,-82.0919,560687,5.99,5.99,55.7,5.01,8.01
e84f36c3-af88-42bb-8d25-22ef3859f19a,1f75bbd7-85fa-48b0-908f-aa17bd8f7f89,,off_duty,2026-02-09T18:03:09.626718Z,2026-02-09T23:59:18.880018Z,34.0199,-84.364,143647,5.99,5.99,55.7,5.01,8.01
775c30ee-9582-401f-90a8-761c776a1a33,a10d95ba-7644-4442-b83c-96fe8296202b,28941ae3-0a27-4d84-940d-39faa9a756b9,driving,2026-02-08T13:00:00Z,2026-02-08T16:27:52.192896Z,47.496,-122.6027,486711,3.46,3.46,32.65,7.54,10.54
e6d08b14-4636-49a1-a92d-c7d592175dae,a10d95ba-7644-4442-b83c-96fe8296202b,,sleeper_berth,2026-02-08T16:27:52.192896Z,2026-02-09T00:47:38.325506Z,32.408,-96.4585,114979,3.46,3.46,32.65,7.54,10.54
e123308f-803d-4c9f-b47d-0336118bf3bf,a10d95ba-7644-4442-b83c-96fe8296202b,28941ae3-0a27-4d84-940d-39faa9a756b9,driving,2026-02-09T00:47:38.325506Z,2026-02-09T04:17:04.656167Z,41.1761,-111.5268,344943,6.96,6.96,36.14,4.04,7.04
9f913fc2-7add-4289-b5a8-affa8725e526,a10d95ba-7644-4442-b83c-96fe8296202b,,sleeper_berth,2026-02-09T04:17:04.656167Z,2026-02-09T12:55:48.945131Z,33.2462,-96.5994,192818,6.96,6.96,36.14,4.04,7.04
b75316e6-3659-4ced-8941-8c8fb4816c7c,a10d95ba-7644-4442-b83c-96fe8296202b,,off_duty,2026-02-09T12:55:48.945131Z,2026-02-09T19:36:34.884865Z,36.54,-86.8466,435432,6.96,6.96,36.14,4.04,7.04
72a6a4ab-6459-45a7-b85b-2545f8409395,a10d95ba-7644-4442-b83c-96fe8296202b,,sleeper_berth,2026-02-09T19:36:34.884865Z,2026-02-10T05:20:11.254903Z,39.1394,-94.2739,331662,6.96,6.96,36.14,4.04,7.04
9286994a-09a8-4866-a2f9-fa6c2ccc1762,a10d95ba-7644-4442-b83c-96fe8296202b,,sleeper_berth,2026-02-10T05:20:11.254903Z,2026-02-10T13:26:01.714780Z,29.4161,-95.8592,374368,6.96,6.96,36.14,4.04,7.04
29884c89-1f06-4760-b1eb-8286458777ac,7afc5cc5-897d-4a9f-be1f-8d2618540d1c,,driving,2026-02-08T14:00:00Z,2026-02-08T17:33:47.915609Z,39.5467,-94.6015,104788,3.56,3.56,35.6,7.44,10.44
14da6465-8212-4ce9-a31c-3265490c5384,7afc5cc5-897d-4a9f-be1f-8d2618540d1c,,off_duty,2026-02-08T17:33:47.915609Z,2026-02-09T01:44:41.974360Z,34.8807,-90.5418,295897,3.56,3.56,35.6,7.44,10.44
dd1f90dc-63c1-4da4-9dc3-e667ec26c454,7afc5cc5-897d-4a9f-be1f-8d2618540d1c,,on_duty_not_driving,2026-02-09T01:44:41.974360Z,2026-02-09T02:51:45.348053Z,33.8796,-118.5052,474833,3.56,4.68,36.72,7.44,9.32
851fe92c-8e99-4f68-b8b6-073c7410afa0,7afc5cc5-897d-4a9f-be1f-8d2618540d1c,,off_duty,2026-02-09T02:51:45.348053Z,2026-02-09T11:19:06.378176Z,39.5022,-105.0681,225599,3.56,4.68,36.72,7.44,9.32
aedddd85-57e9-4d63-a64c-84cbc12bca5e,7afc5cc5-897d-4a9f-be1f-8d2618540d1c,,sleeper_berth,2026-02-09T11:19:06.378176Z,2026-02-09T19:10:20.888206Z,40.7676,-74.4036,198566,3.56,4.68,36.72,7.44,9.32
484a39e2-c0a4-4334-8a1e-7c64680f9156,7afc5cc5-897d-4a9f-be1f-8d2618540d1c,,driving,2026-02-09T19:10:20.888206Z,2026-02-09T21:13:10.885739Z,29.3708,-95.4145,337380,5.61,6.73,38.76,5.39,7.27
9d0d4a32-2459-498e-bbde-a59aa8a2f5d8,7afc5cc5-897d-4a9f-be1f-8d2618540d1c,,sleeper_berth,2026-02-09T21:13:10.885739Z,2026-02-10T06:19:15.989797Z,38.7875,-95.0592,126021,5.61,6.73,38.76,5.39,7.27
3027177d-4e3f-405c-b9e4-6b4796f4c601,7afc5cc5-897d-4a9f-be1f-8d2618540d1c,,driving,2026-02-10T06:19:15.989797Z,2026-02-10T08:22:44.115857Z,41.6602,-88.0048,329856,7.67,8.79,40.82,3.33,5.21
fbd7e007-d40e-4b9e-9e13-6155bc02c610,7afc5cc5-897d-4a9f-be1f-8d2618540d1c,,driving,2026-02-10T08:22:44.115857Z,2026-02-10T10:34:38.469235Z,32.2914,-97.0798,320328,9.87,10.98,43.02,1.13,3.02
1a6b002a-a6a3-45a6-9d73-03558c9e036b,d2e14248-617e-4844-90e1-b0745c60f47b,,sleeper_berth,2026-02-08T16:00:00Z,2026-02-09T00:23:27.792246Z,32.9801,-112.4938,493514,0.0,0.0,47.5,11.0,14.0
8f6fa8b3-b6a7-42bf-b95b-f72d5368796a,d2e14248-617e-4844-90e1-b0745c60f47b,,on_duty_not_driving,2026-02-09T00:23:27.792246Z,2026-02-09T00:58:30.399306Z,33.3408,-112.0308,195212,0.0,0.58,48.08,11.0,13.42
13c803ba-c1f1-4944-82aa-aa9d8e667fe1,d2e14248-617e-4844-90e1-b0745c60f47b,,on_duty_not_driving,2026-02-09T00:58:30.399306Z,2026-02-09T02:49:07.173789Z,30.0777,-95.0415,163942,0.0,2.43,49.93,11.0,11.57
69252db9-1ac9-4051-b4eb-3847eff49b63,d2e14248-617e-4844-90e1-b0745c60f47b,,on_duty_not_driving,2026-02-09T02:49:07.173789Z,2026-02-09T03:53:45.082445Z,38.8469,-94.0841,204427,0.0,3.5,51.01,11.0,10.5
e29ac710-c936-479c-b7fd-f28da9da8ed6,d2e14248-617e-4844-90e1-b0745c60f47b,,off_duty,2026-02-09T03:53:45.082445Z,2026-02-09T11:30:49.540491Z,41.8992,-87.1477,347896,0.0,3.5,51.01,11.0,10.5
4da95077-e613-4c7a-b96a-f2a1876f842c,d2e14248-617e-4844-90e1-b0745c60f47b,,off_duty,2026-02-09T11:30:49.540491Z,2026-02-09T18:38:48.271661Z,30.1966,-95.7112,481805,0.0,3.5,51.01,11.0,10.5
acdb5c0c-74f8-4fe3-9ab0-6e64487bacaa,d2e14248-617e-4844-90e1-b0745c60f47b,,driving,2026-02-09T18:38:48.271661Z,2026-02-09T22:22:51.297111Z,33.9634,-118.5018,434768,3.73,7.24,54.74,7.27,6.76
e0867785-870d-4ba7-a4c3-f2eea0a3eeb4,d2e14248-617e-4844-90e1-b0745c60f47b,,sleeper_berth,2026-02-09T22:22:51.297111Z,2026-02-10T05:58:37.512334Z,47.1583,-122.1654,159207,3.73,7.24,54.74,7.27,6.76
01918253-8379-411b-a287-91c9d3f3d8f9,d2e14248-617e-4844-90e1-b0745c60f47b,,on_duty_not_driving,2026-02-10T05:58:37.512334Z,2026-02-10T07:25:35.220750Z,39.2835,-85.8637,406549,3.73,8.69,56.19,7.27,5.31
a7346b63-bb28-4e8a-ad15-8673ffaf79fb,e70929e8-21a9-4757-98a4-5e34fa770210,,driving,2026-02-08T13:00:00Z,2026-02-08T17:24:23.417238Z,35.433,-90.0737,412586,4.41,4.41,38.26,6.59,9.59
d738c7c3-a30c-4525-9968-24e2e98f741c,e70929e8-21a9-4757-98a4-5e34fa770210,,on_duty_not_driving,2026-02-08T17:24:23.417238Z,2026-02-08T18:27:48.970020Z,41.6268,-87.6299,459632,4.41,5.46,39.32,6.59,8.54
a4f18ee0-9989-4f36-9fa4-23e32eb6d7a6,e70929e8-21a9-4757-98a4-5e34fa770210,,sleeper_berth,2026-02-08T18:27:48.970020Z,2026-02-09T04:15:22.136893Z,33.5735,-112.5142,437942,4.41,5.46,39.32,6.59,8.54
226c6263-43f5-473e-8465-0342c3827e24,e70929e8-21a9-4757-98a4-5e34fa770210,,on_duty_not_driving,2026-02-09T04:15:22.136893Z,2026-02-09T05:48:29.308849Z,33.0558,-112.0862,266062,4.41,7.02,40.87,6.59,6.98
11474a96-992c-455d-be08-62ce1ef929e6,e70929e8-21a9-4757-98a4-5e34fa770210,,sleeper_berth,2026-02-09T05:48:29.308849Z,2026-02-09T15:13:28.982916Z,39.3329,-95.0572,298059,4.41,7.02,40.87,6.59,6.98
56338f77-17d7-42e0-acfc-b3521401fa6c,e70929e8-21a9-4757-98a4-5e34fa770210,,sleeper_berth,2026-02-09T15:13:28.982916Z,2026-02-10T00:23:52.493821Z,30.1591,-95.3845,329376,4.41,7.02,40.87,6.59,6.98
a891655e-a3dd-4c7c-9f11-f2c52ef038d0,e70929e8-21a9-4757-98a4-5e34fa770210,,sleeper_berth,2026-02-10T00:23:52.493821Z,2026-02-10T09:01:34.021851Z,38.7895,-94.892,282276,4.41,7.02,40.87,6.59,6.98
80d17dd0-8d28-4d9a-9485-b2aaaf48fda7,b6ce4ae3-8877-4f9a-b25e-29c7d4449fbc,,on_duty_not_driving,2026-02-08T17:00:00Z,2026-02-08T17:36:11.933550Z,32.7261,-96.4776,383957,0.0,0.6,46.24,11.0,13.4
1d77e897-50ee-44cf-b9df-ab844edbf8d0,b6ce4ae3-8877-4f9a-b25e-29c7d4449fbc,,sleeper_berth,2026-02-08T17:36:11.933550Z,2026-02-09T01:57:55.986532Z,33.5864,-112.195,197273,0.0,0.6,46.24,11.0,13.4
33cc5344-0084-42f8-bf67-1648e9bfcd8c,b6ce4ae3-8877-4f9a-b25e-29c7d4449fbc,,driving,2026-02-09T01:57:55.986532Z,2026-02-09T05:19:29.120283Z,40.0444,-86.4193,478013,3.36,3.96,49.6,7.64,10.04
739926e2-455e-43d1-884d-b6262a2a89f8,b6ce4ae3-8877-4f9a-b25e-29c7d4449fbc,,driving,2026-02-09T05:19:29.120283Z,2026-02-09T08:47:58.645991Z,34.2615,-118.5652,458206,6.83,7.44,53.07,4.17,6.56
2c2f0831-9715-4700-9f44-511677ec68b1,b6ce4ae3-8877-4f9a-b25e-29c7d4449fbc,,off_duty,2026-02-09T08:47:58.645991Z,2026-02-09T16:41:28.430686Z,32.8897,-96.9744,436018,6.83,7.44,53.07,4.17,6.56
04dfc3e0-6749-4ee6-8c1c-c79f094af13b,b6ce4ae3-8877-4f9a-b25e-29c7d4449fbc,,sleeper_berth,2026-02-09T16:41:28.430686Z,2026-02-10T00:01:21.443334Z,34.1014,-118.7113,591677,6.83,7.44,53.07,4.17,6.56
3f7594d9-2f39-4fa5-b3b6-54558f3c05da,b6ce4ae3-8877-4f9a-b25e-29c7d4449fbc,,on_duty_not_driving,2026-02-10T00:01:21.443334Z,2026-02-10T00:47:26.092854Z,33.4511,-84.4026,151775,6.83,8.21,53.84,4.17,5.79
eb9cc707-2ff1-467b-9fd5-99cb78db9b81,b6ce4ae3-8877-4f9a-b25e-29c7d4449fbc,,driving,2026-02-10T00:47:26.092854Z,2026-02-10T04:00:13.024413Z,40.6494,-111.9011,427140,10.05,11.42,57.05,0.95,2.58
71a81d66-0c2c-4f67-b9b8-60bc95ce041f,e1b124a1-d47c-4c5b-9d43-ca03f1468d4d,662f3cb9-a3a8-438a-983f-2ae96ece214e,driving,2026-02-08T16:00:00Z,2026-02-08T17:32:21.329986Z,47.3149,-122.3407,566494,1.54,1.54,23.26,9.46,12.46
2ef8fc15-2b74-46a3-9804-8bdea3bfd6bd,e1b124a1-d47c-4c5b-9d43-ca03f1468d4d,662f3cb9-a3a8-438a-983f-2ae96ece214e,driving,2026-02-08T17:32:21.329986Z,2026-02-08T20:26:36.368735Z,35.7234,-86.7236,591909,4.44,4.44,26.16,6.56,9.56
05dd8266-2c2a-4cf8-a462-e1637e0b4b07,e1b124a1-d47c-4c5b-9d43-ca03f1468d4d,,off_duty,2026-02-08T20:26:36.368735Z,2026-02-09T04:50:30.027862Z,33.6568,-111.7504,239363,4.44,4.44,26.16,6.56,9.56
4cd872a0-7146-43ce-b146-0c9eb9830fb7,e1b124a1-d47c-4c5b-9d43-ca03f1468d4d,662f3cb9-a3a8-438a-983f-2ae96ece214e,driving,2026-02-09T04:50:30.027862Z,2026-02-09T08:32:40.471515Z,40.5647,-111.4464,372359,8.15,8.15,29.86,2.85,5.85
2d3ef1aa-4037-44c0-95af-754c139a168d,e1b124a1-d47c-4c5b-9d43-ca03f1468d4d,662f3cb9-a3a8-438a-983f-2ae96ece214e,driving,2026-02-09T08:32:40.471515Z,2026-02-09T10:20:53.702819Z,39.7709,-105.3008,375876,9.95,9.95,31.67,1.05,4.05
c2aea0c1-6f1d-42b1-9f08-02902303e27f,e1b124a1-d47c-4c5b-9d43-ca03f1468d4d,,on_duty_not_driving,2026-02-09T10:20:53.702819Z,2026-02-09T11:42:11.852231Z,32.8351,-96.7389,491175,9.95,11.31,33.02,1.05,2.69
d3452541-175a-4407-bdc0-59a8d04c1592,e1b124a1-d47c-4c5b-9d43-ca03f1468d4d,662f3cb9-a3a8-438a-983f-2ae96ece214e,driving,2026-02-09T11:42:11.852231Z,2026-02-09T15:30:07.713167Z,35.0075,-90.0903,448778,13.75,15.1,36.82,0,0
c9903806-c278-4e01-8c8a-db66860fb901,4ad0300f-e425-4755-9ba8-5a77f5f9571d,,on_duty_not_driving,2026-02-08T18:00:00Z,2026-02-08T19:19:29.813519Z,33.78,-118.5969,414528,0.0,1.32,52.22,11.0,12.68
6059ee66-8e95-48ce-b4a6-4a2f7dbb8a22,4ad0300f-e425-4755-9ba8-5a77f5f9571d,,off_duty,2026-02-08T19:19:29.813519Z,2026-02-09T04:43:35.860532Z,47.4214,-121.8406,270212,0.0,1.32,52.22,11.0,12.68
c0d49723-5eaa-4d04-80a7-538bec9637b8,4ad0300f-e425-4755-9ba8-5a77f5f9571d,,sleeper_berth,2026-02-09T04:43:35.860532Z,2026-02-09T12:57:49.168082Z,36.0933,-86.5557,418983,0.0,1.32,52.22,11.0,12.68
39291b6e-5378-454b-88c1-acaf4410acd4,4ad0300f-e425-4755-9ba8-5a77f5f9571d,,on_duty_not_driving,2026-02-09T12:57:49.168082Z,2026-02-09T14:18:30.149477Z,39.6143,-104.9401,490373,0.0,2.67,53.57,11.0,11.33
6bfd4fad-201c-4660-89c3-c67f70de17a0,4ad0300f-e425-4755-9ba8-5a77f5f9571d,,sleeper_berth,2026-02-09T14:18:30.149477Z,2026-02-09T22:23:18.241762Z,39.0472,-94.6815,480797,0.0,2.67,53.57,11.0,11.33
dcb938bf-d762-4d3f-a1af-529b0fd1965b,4ad0300f-e425-4755-9ba8-5a77f5f9571d,,driving,2026-02-09T22:23:18.241762Z,2026-02-10T02:50:14.171651Z,34.6658,-90.4139,566786,4.45,7.12,58.02,6.55,6.88
f111a3b1-1851-44bc-bafb-724eb0bb7e76,4ad0300f-e425-4755-9ba8-5a77f5f9571d,,sleeper_berth,2026-02-10T02:50:14.171651Z,2026-02-10T09:51:25.115004Z,39.454,-105.1754,504500,4.45,7.12,58.02,6.55,6.88
9c90b14e-cf84-4d65-8977-2df6fa108101,154f6963-47b2-444b-abab-f5d130ed8d97,,on_duty_not_driving,2026-02-08T16:00:00Z,2026-02-08T16:38:29.150489Z,38.9554,-94.9402,292457,0.0,0.64,52.81,11.0,13.36
abb7b73f-531d-4eb2-bb75-ab550ebf0574,154f6963-47b2-444b-abab-f5d130ed8d97,,on_duty_not_driving,2026-02-08T16:38:29.150489Z,2026-02-08T17:29:27.318891Z,33.2487,-112.0035,398353,0.0,1.49,53.66,11.0,12.51
f3505f93-c503-45a3-802d-3836576ca8f7,154f6963-47b2-444b-abab-f5d130ed8d97,,on_duty_not_driving,2026-02-08T17:29:27.318891Z,2026-02-08T19:05:32.355042Z,40.5604,-74.1899,355997,0.0,3.09,55.26,11.0,10.91
9188e7b4-64c8-4b0d-b556-2a9e06ee9497,154f6963-47b2-444b-abab-f5d130ed8d97,,driving,2026-02-08T19:05:32.355042Z,2026-02-08T22:22:40.852030Z,29.2978,-95.0615,300040,3.29,6.38,58.55,7.71,7.62
c2f4059f-4dd5-4910-a7ee-df99d28dd31b,154f6963-47b2-444b-abab-f5d130ed8d97,,driving,2026-02-08T22:22:40.852030Z,2026-02-09T02:13:06.168636Z,47.8771,-122.4842,528417,7.13,10.22,62.39,3.87,3.78
3d84515d-c6f7-47d1-861e-d27670088e44,154f6963-47b2-444b-abab-f5d130ed8d97,,off_duty,2026-02-09T02:13:06.168636Z,2026-02-09T06:58:01.472125Z,40.3813,-111.6206,491998,7.13,10.22,62.39,3.87,3.78
d498bbe8-d771-4d22-8c75-6a17bd23cc52,154f6963-47b2-444b-abab-f5d130ed8d97,,driving,2026-02-09T06:58:01.472125Z,2026-02-09T10:22:07.452838Z,36.0452,-86.9768,121591,10.53,13.62,65.79,0.47,0.38
3ed6b5d2-f413-41c5-bed5-f3dc21a3c79e,154f6963-47b2-444b-abab-f5d130ed8d97,,sleeper_berth,2026-02-09T10:22:07.452838Z,2026-02-09T18:59:18.693916Z,32.6035,-96.5992,180319,10.53,13.62,65.79,0.47,0.38
5af00c03-de69-4e0f-b3b7-114ca08656bb,154f6963-47b2-444b-abab-f5d130ed8d97,,driving,2026-02-09T18:59:18.693916Z,2026-02-09T22:30:33.954534Z,30.8032,-81.4029,401599,14.05,17.14,69.31,0,0
4fec30ca-dca8-44c9-b2a2-9776b5fcd7ad,154f6963-47b2-444b-abab-f5d130ed8d97,,driving,2026-02-09T22:30:33.954534Z,2026-02-10T00:40:32.479318Z,30.0468,-95.7218,276248,16.21,19.31,70,0,0
38817077-c718-44bf-8855-496baa7151e6,ea3f5142-a833-4cdd-a859-b740abc1ca4a,,off_duty,2026-02-08T13:00:00Z,2026-02-08T16:21:46.878441Z,30.334,-81.3819,168354,0.0,0.0,36.65,11.0,14.0
1426fa8a-6f6e-4764-915d-949ccc86bfda,ea3f5142-a833-4cdd-a859-b740abc1ca4a,,on_duty_not_driving,2026-02-08T16:21:46.878441Z,2026-02-08T17:35:03.859952Z,39.7271,-104.8381,202812,0.0,1.22,37.88,11.0,12.78
3fe82a13-99a1-46a1-be64-c41d6aff0790,ea3f5142-a833-4cdd-a859-b740abc1ca4a,,on_duty_not_driving,2026-02-08T17:35:03.859952Z,2026-02-08T18:26:52.361447Z,30.0372,-95.5464,584514,0.0,2.08,38.74,11.0,11.92
598c2b9d-7d23-4b42-9ca5-e361c6bc10a5,ea3f5142-a833-4cdd-a859-b740abc1ca4a,614e84e7-e8c8-441b-9625-3fb1c0442a52,driving,2026-02-08T18:26:52.361447Z,2026-02-08T20:17:07.684058Z,30.2557,-81.8074,268159,1.84,3.92,40.58,9.16,10.08
877cfda1-b3cf-4577-bed0-b9a0884a7f79,ea3f5142-a833-4cdd-a859-b740abc1ca4a,,sleeper_berth,2026-02-08T20:17:07.684058Z,2026-02-09T05:04:01.557268Z,34.0187,-84.7187,283352,1.84,3.92,40.58,9.16,10.08
a1ba09e3-f1a6-4d96-a941-6a5b8920c062,ea3f5142-a833-4cdd-a859-b740abc1ca4a,,off_duty,2026-02-09T05:04:01.557268Z,2026-02-09T11:40:32.659131Z,38.6446,-94.2604,204692,1.84,3.92,40.58,9.16,10.08
e6f7ace7-e4fa-4480-ab79-e0e4c444dda1,7c6f6c83-fd1b-4d1f-99bb-9977cf2376db,820662f0-3617-4925-90ec-aab5598effc2,driving,2026-02-08T17:00:00Z,2026-02-08T20:43:07.481604Z,40.1881,-104.5636,555476,3.72,3.72,29.18,7.28,10.28
8b1f4896-5bd1-425f-b437-dd973cefb7a9,7c6f6c83-fd1b-4d1f-99bb-9977cf2376db,,sleeper_berth,2026-02-08T20:43:07.481604Z,2026-02-09T03:45:35.801165Z,41.04,-74.3673,347039,3.72,3.72,29.18,7.28,10.28
155b4282-ed39-4b60-94a3-7b3ef7b9057c,7c6f6c83-fd1b-4d1f-99bb-9977cf2376db,820662f0-3617-4925-90ec-aab5598effc2,driving,2026-02-09T03:45:35.801165Z,2026-02-09T06:15:20.069731Z,40.7737,-74.4686,374342,6.21,6.21,31.67,4.79,7.79
8bd535dc-bad0-4122-a268-22131ca87fd4,7c6f6c83-fd1b-4d1f-99bb-9977cf2376db,,sleeper_berth,2026-02-09T06:15:20.069731Z,2026-02-09T14:54:07.110323Z,35.3794,-90.4077,466348,6.21,6.21,31.67,4.79,7.79
573e289d-4ffd-4118-8a5e-0b797d69c662,7c6f6c83-fd1b-4d1f-99bb-9977cf2376db,820662f0-3617-4925-90ec-aab5598effc2,driving,2026-02-09T14:54:07.110323Z,2026-02-09T17:31:54.462358Z,47.7697,-122.7886,189296,8.84,8.84,34.3,2.16,5.16
2b7492b2-e02d-4207-b95e-182eb67c7e0d,7c6f6c83-fd1b-4d1f-99bb-9977cf2376db,820662f0-3617-4925-90ec-aab5598effc2,driving,2026-02-09T17:31:54.462358Z,2026-02-09T19:53:01.808601Z,33.6449,-112.3027,343773,11.2,11.2,36.66,0,2.8
c41cc688-0e5a-4a98-8528-e4c53a236147,2317dc2a-12be-4e6b-9bd8-f949805d354d,,sleeper_berth,2026-02-08T12:00:00Z,2026-02-08T21:35:34.248554Z,33.5415,-84.0046,302649,0.0,0.0,22.33,11.0,14.0
2fd1b4e1-7950-4536-be78-94d1fc16bfc4,2317dc2a-12be-4e6b-9bd8-f949805d354d,,on_duty_not_driving,2026-02-08T21:35:34.248554Z,2026-02-08T23:33:45.129950Z,34.4191,-118.6555,265389,0.0,1.97,24.3,11.0,12.03
9abb90f7-cc85-4d09-8da5-b66f687abd5f,2317dc2a-12be-4e6b-9bd8-f949805d354d,,off_duty,2026-02-08T23:33:45.129950Z,2026-02-09T08:21:48.566905Z,33.5305,-118.5562,340116,0.0,1.97,24.3,11.0,12.03
bfc71814-b71a-48ff-9797-4e4796ea7b8f,2317dc2a-12be-4e6b-9bd8-f949805d354d,,driving,2026-02-09T08:21:48.566905Z,2026-02-09T09:58:57.892860Z,47.6356,-122.4985,306254,1.62,3.59,25.92,9.38,10.41
0e9ed0c2-540d-4b93-94ad-732ac2eee223,2317dc2a-12be-4e6b-9bd8-f949805d354d,,on_duty_not_driving,2026-02-09T09:58:57.892860Z,2026-02-09T10:30:37.102877Z,36.0146,-86.6564,223839,1.62,4.12,26.45,9.38,9.88
ec339d00-f0b7-4358-8f62-4dd465aadc50,2317dc2a-12be-4e6b-9bd8-f949805d354d,,sleeper_berth,2026-02-09T10:30:37.102877Z,2026-02-09T19:56:45.545766Z,35.9204,-86.8944,527220,1.62,4.12,26.45,9.38,9.88
a5cb9c49-b07a-4fd6-bff3-d9ba3f747ede,2317dc2a-12be-4e6b-9bd8-f949805d354d,,driving,2026-02-09T19:56:45.545766Z,2026-02-10T00:16:42.222107Z,29.486,-95.528,305964,5.95,8.45,30.78,5.05,5.55
7732be50-2ced-4347-a983-d1a730f527fa,2317dc2a-12be-4e6b-9bd8-f949805d354d,,on_duty_not_driving,2026-02-10T00:16:42.222107Z,2026-02-10T00:54:36.315200Z,30.3529,-81.4777,557546,5.95,9.08,31.41,5.05,4.92
d393372e-d32a-4c83-887d-9c06ec616f75,73883747-f5d4-4d62-9a4e-f39e284f3afe,,on_duty_not_driving,2026-02-08T15:00:00Z,2026-02-08T16:08:22.910984Z,30.1701,-95.5405,384286,0.0,1.14,35.75,11.0,12.86
d366b826-f1e4-406b-bd0c-5032cb8e73c1,73883747-f5d4-4d62-9a4e-f39e284f3afe,,on_duty_not_driving,2026-02-08T16:08:22.910984Z,2026-02-08T16:56:59.400267Z,32.8577,-96.613,206068,0.0,1.95,36.56,11.0,12.05
3e82e50e-cefd-4be1-b65d-98a1de2fa78d,73883747-f5d4-4d62-9a4e-f39e284f3afe,,on_duty_not_driving,2026-02-08T16:56:59.400267Z,2026-02-08T17:54:47.991606Z,41.1343,-73.7628,325477,0.0,2.91,37.52,11.0,11.09
05333942-d0fe-4266-a9c9-95346ce386c9,73883747-f5d4-4d62-9a4e-f39e284f3afe,,on_duty_not_driving,2026-02-08T17:54:47.991606Z,2026-02-08T19:23:51.643072Z,35.5666,-90.2315,392206,0.0,4.4,39.0,11.0,9.6
c27e9cdc-0c55-4e3a-be93-3a65d59e3c79,73883747-f5d4-4d62-9a4e-f39e284f3afe,,driving,2026-02-08T19:23:51.643072Z,2026-02-08T21:27:00.303403Z,41.1404,-111.6639,501308,2.05,6.45,41.06,8.95,7.55
b0e41cf3-bc3e-457f-98e3-3a9cc07cdcf4,73883747-f5d4-4d62-9a4e-f39e284f3afe,,sleeper_berth,2026-02-08T21:27:00.303403Z,2026-02-09T07:05:25.727924Z,30.7934,-81.8524,490914,2.05,6.45,41.06,8.95,7.55
65ddb4d1-20d1-437f-9fa4-194d78cd6912,73883747-f5d4-4d62-9a4e-f39e284f3afe,,sleeper_berth,2026-02-09T07:05:25.727924Z,2026-02-09T14:32:46.864126Z,39.346,-105.3056,499742,2.05,6.45,41.06,8.95,7.55
d7ad4c4b-999b-4839-a402-aa0c6aec4d78,73883747-f5d4-4d62-9a4e-f39e284f3afe,,sleeper_berth,2026-02-09T14:32:46.864126Z,2026-02-09T23:21:47.392848Z,34.8804,-90.3168,460383,2.05,6.45,41.06,8.95,7.55
966647a1-801c-4405-8810-eb1ef6b57afd,73883747-f5d4-4d62-9a4e-f39e284f3afe,,driving,2026-02-09T23:21:47.392848Z,2026-02-10T01:56:27.415261Z,41.0155,-74.5383,543620,4.63,9.03,43.63,6.37,4.97
c2b7d609-c5d6-48d1-8cc6-c704c4119d01,73883747-f5d4-4d62-9a4e-f39e284f3afe,,off_duty,2026-02-10T01:56:27.415261Z,2026-02-10T09:20:56.835007Z,39.4524,-86.2706,348432,4.63,9.03,43.63,6.37,4.97
28fb151f-a426-444e-8ea7-97c379012ea8,1febb6ae-21cf-49d6-a398-4e459ff891d3,238f5fbb-28b1-4985-91ce-8f3376dc2755,driving,2026-02-08T14:00:00Z,2026-02-08T16:43:32.762930Z,34.1744,-83.9378,216682,2.73,2.73,28.46,8.27,11.27
8d8c58db-e777-45b3-8e57-f523b911bf8d,1febb6ae-21cf-49d6-a398-4e459ff891d3,,on_duty_not_driving,2026-02-08T16:43:32.762930Z,2026-02-08T18:21:44.756515Z,41.5552,-87.1751,330311,2.73,4.36,30.09,8.27,9.64
c40bef39-365c-4918-9d20-565906565a1e,1febb6ae-21cf-49d6-a398-4e459ff891d3,,off_duty,2026-02-08T18:21:44.756515Z,2026-02-09T01:33:11.508129Z,40.7183,-112.1442,312266,2.73,4.36,30.09,8.27,9.64
adf40fe3-6a10-4791-b987-6a6cc78986d6,1febb6ae-21cf-49d6-a398-4e459ff891d3,238f5fbb-28b1-4985-91ce-8f3376dc2755,driving,2026-02-09T01:33:11.508129Z,2026-02-09T04:52:37.151675Z,40.6412,-112.0781,420604,6.05,7.69,33.42,4.95,6.31
f38569db-08ac-4486-95f1-f0bcfe06ae51,1febb6ae-21cf-49d6-a398-4e459ff891d3,238f5fbb-28b1-4985-91ce-8f3376dc2755,driving,2026-02-09T04:52:37.151675Z,2026-02-09T07:56:20.161860Z,39.0566,-94.2008,560209,9.11,10.75,36.48,1.89,3.25
79b4bd89-309a-4dea-83cd-f33124cb4e57,1febb6ae-21cf-49d6-a398-4e459ff891d3,,on_duty_not_driving,2026-02-09T07:56:20.161860Z,2026-02-09T09:13:01.156184Z,30.816,-82.1164,303108,9.11,12.03,37.76,1.89,1.97
821b0c94-4742-4a91-adbb-c18bdf775de4,1febb6ae-21cf-49d6-a398-4e459ff891d3,238f5fbb-28b1-4985-91ce-8f3376dc2755,driving,2026-02-09T09:13:01.156184Z,2026-02-09T11:17:11.539856Z,38.9977,-94.774,533911,11.18,14.1,39.83,0,0
c049543d-f9ed-454a-ad52-5352f00d6f32,b83aa43c-1d73-4e95-99e9-570e00b139ae,,sleeper_berth,2026-02-08T16:00:00Z,2026-02-09T00:50:21.850216Z,33.939,-83.9843,343048,0.0,0.0,36.15,11.0,14.0
2efb88ad-cb4c-4cca-94e2-d6e012e449a1,b83aa43c-1d73-4e95-99e9-570e00b139ae,,off_duty,2026-02-09T00:50:21.850216Z,2026-02-09T02:39:12.132384Z,33.5557,-117.9764,591699,0.0,0.0,36.15,11.0,14.0
05fc4718-8ab4-436a-a7fa-5b05a7606f18,b83aa43c-1d73-4e95-99e9-570e00b139ae,,on_duty_not_driving,2026-02-09T02:39:12.132384Z,2026-02-09T03:44:34.692644Z,39.7193,-86.4792,409495,0.0,1.09,37.24,11.0,12.91
e91401f0-851f-4193-affb-39054a0576e0,b83aa43c-1d73-4e95-99e9-570e00b139ae,,on_duty_not_driving,2026-02-09T03:44:34.692644Z,2026-02-09T05:34:00.454260Z,41.6282,-87.4381,575614,0.0,2.91,39.06,11.0,11.09
c31eabf1-d2db-4ca8-a4d4-ca307d52b48b,b83aa43c-1d73-4e95-99e9-570e00b139ae,,on_duty_not_driving,2026-02-09T05:34:00.454260Z,2026-02-09T07:08:39.677746Z,41.4693,-87.4236,432436,0.0,4.49,40.64,11.0,9.51
ca671af2-3bf7-41d4-a710-69e30e860dd3,b83aa43c-1d73-4e95-99e9-570e00b139ae,,sleeper_berth,2026-02-09T07:08:39.677746Z,2026-02-09T14:24:00.988422Z,40.6198,-73.8813,368260,0.0,4.49,40.64,11.0,9.51
413bf82d-3ead-4663-95b2-14b7b436f10e,b83aa43c-1d73-4e95-99e9-570e00b139ae,,on_duty_not_driving,2026-02-09T14:24:00.988422Z,2026-02-09T15:28:05.853032Z,29.8761,-81.9848,275737,0.0,5.56,41.71,11.0,8.44
e05d7f4f-3fc6-42ed-85c2-873d18613768,b83aa43c-1d73-4e95-99e9-570e00b139ae,,on_duty_not_driving,2026-02-09T15:28:05.853032Z,2026-02-09T16:12:41.323152Z,32.4556,-96.585,319981,0.0,6.3,42.45,11.0,7.7
2727ceae-7205-4f9d-958c-f3521a454309,b83aa43c-1d73-4e95-99e9-570e00b139ae,,sleeper_berth,2026-02-09T16:12:41.323152Z,2026-02-10T00:08:24.120851Z,33.9094,-112.2852,194736,0.0,6.3,42.45,11.0,7.7
7eb8be31-241a-420c-89b0-bf1204a71acf,4e71986b-021d-433f-a80d-b269b87cb2e6,8ed4f91f-4bba-4009-884f-31086f5dba61,driving,2026-02-08T13:00:00Z,2026-02-08T16:22:03.651542Z,29.2726,-95.3722,361432,3.37,3.37,54.82,7.63,10.63
d9718c81-f7de-4db2-8196-4bdbc46afc64,4e71986b-021d-433f-a80d-b269b87cb2e6,8ed4f91f-4bba-4009-884f-31086f5dba61,driving,2026-02-08T16:22:03.651542Z,2026-02-08T19:41:29.877997Z,38.8376,-94.4897,349410,6.69,6.69,58.14,4.31,7.31
d1e6622f-d0dc-4147-bb93-93c037493e86,4e71986b-021d-433f-a80d-b269b87cb2e6,,off_duty,2026-02-08T19:41:29.877997Z,2026-02-09T00:22:58.782246Z,41.9793,-88.1232,562510,6.69,6.69,58.14,4.31,7.31
92d47f9c-ca79-4485-ba37-e7679c27810a,4e71986b-021d-433f-a80d-b269b87cb2e6,,sleeper_berth,2026-02-09T00:22:58.782246Z,2026-02-09T09:14:32.255466Z,34.2626,-118.5475,196909,6.69,6.69,58.14,4.31,7.31
4db6a9bf-d733-4d0b-8cfd-b95b3cda8f37,4e71986b-021d-433f-a80d-b269b87cb2e6,,on_duty_not_driving,2026-02-09T09:14:32.255466Z,2026-02-09T09:49:29.600731Z,39.3051,-85.8043,449698,6.69,7.27,58.72,4.31,6.73
9654ee6a-f5aa-48f1-9a09-458c5ad68152,4e71986b-021d-433f-a80d-b269b87cb2e6,,sleeper_berth,2026-02-09T09:49:29.600731Z,2026-02-09T17:49:05.600479Z,41.4271,-87.7128,193453,6.69,7.27,58.72,4.31,6.73
2e4f5e72-1870-4e20-bc85-10cf56cae26e,4e71986b-021d-433f-a80d-b269b87cb2e6,,on_duty_not_driving,2026-02-09T17:49:05.600479Z,2026-02-09T19:19:34.889153Z,35.3104,-89.8492,400040,6.69,8.78,60.23,4.31,5.22
77461df8-0d29-40ab-a04a-4e98d64705cc,b597bb5f-f9bc-447b-8716-2aafe7efb921,,sleeper_berth,2026-02-08T20:00:00Z,2026-02-09T05:47:39.982049Z,42.1466,-87.807,570564,0.0,0.0,26.21,11.0,14.0
c2f43f94-e795-44cf-ae1b-981a7efb49c1,b597bb5f-f9bc-447b-8716-2aafe7efb921,,off_duty,2026-02-09T05:47:39.982049Z,2026-02-09T14:10:36.559699Z,33.3757,-112.0235,253528,0.0,0.0,26.21,11.0,14.0
81e1cb21-c477-4eab-9495-645330bdeb28,b597bb5f-f9bc-447b-8716-2aafe7efb921,,off_duty,2026-02-09T14:10:36.559699Z,2026-02-09T16:23:15.843265Z,41.0951,-74.3432,316928,0.0,0.0,26.21,11.0,14.0
0b3a404a-3928-4376-8353-f541099c65fe,b597bb5f-f9bc-447b-8716-2aafe7efb921,,on_duty_not_driving,2026-02-09T16:23:15.843265Z,2026-02-09T17:55:53.322551Z,34.7077,-89.9776,429765,0.0,1.54,27.75,11.0,12.46
b650f16c-ade6-4db7-926b-bac13ce32edb,b597bb5f-f9bc-447b-8716-2aafe7efb921,1f1ca2b8-c666-4ee6-85af-cc7545b16d7c,driving,2026-02-09T17:55:53.322551Z,2026-02-09T20:52:56.882770Z,40.8405,-73.8842,470569,2.95,4.49,30.7,8.05,9.51
a6887ef8-6a44-49b7-935e-caac0e5aa793,b597bb5f-f9bc-447b-8716-2aafe7efb921,,sleeper_berth,2026-02-09T20:52:56.882770Z,2026-02-10T05:09:49.061705Z,40.5773,-111.8656,426759,2.95,4.49,30.7,8.05,9.51
958e6bf7-e55b-4a8d-bb7c-11d044ea8f5e,b597bb5f-f9bc-447b-8716-2aafe7efb921,,sleeper_berth,2026-02-10T05:09:49.061705Z,2026-02-10T14:56:41.799681Z,35.2121,-90.0293,431275,2.95,4.49,30.7,8.05,9.51
7b3d1154-c710-4046-b22d-48af2875ca39,b597bb5f-f9bc-447b-8716-2aafe7efb921,,off_duty,2026-02-10T14:56:41.799681Z,2026-02-10T20:22:38.943981Z,33.1604,-97.0643,252299,2.95,4.49,30.7,8.05,9.51
0bf63a1a-4c6a-4840-adc8-f75fc3f5d537,b597bb5f-f9bc-447b-8716-2aafe7efb921,,on_duty_not_driving,2026-02-10T20:22:38.943981Z,2026-02-10T20:52:47.480934Z,33.7139,-84.0913,486645,2.95,5.0,31.21,8.05,9.0
b6cf878d-95f9-409e-b2ab-a03abcb07e3e,74dc9d17-4116-456a-b7c8-5375fd13a587,,off_duty,2026-02-08T15:00:00Z,2026-02-08T16:24:33.946944Z,39.8288,-86.0206,105923,0.0,0.0,47.98,11.0,14.0
57ee980c-0a49-4751-a41b-f47906e7e92b,74dc9d17-4116-456a-b7c8-5375fd13a587,,on_duty_not_driving,2026-02-08T16:24:33.946944Z,2026-02-08T17:56:40.039076Z,30.0506,-95.562,365651,0.0,1.54,49.52,11.0,12.46
8dab0773-b259-4b33-b0ce-decd44b7b147,74dc9d17-4116-456a-b7c8-5375fd13a587,,sleeper_berth,2026-02-08T17:56:40.039076Z,2026-02-09T03:14:43.991167Z,42.0639,-87.7884,479792,0.0,1.54,49.52,11.0,12.46
298f77e1-00b6-4d12-b739-f16d9eafb472,74dc9d17-4116-456a-b7c8-5375fd13a587,,driving,2026-02-09T03:14:43.991167Z,2026-02-09T07:14:30.053082Z,39.5697,-105.1524,452569,4.0,5.53,53.52,7.0,8.47
ac18eeab-febb-4706-b648-e2bd705b95f6,74dc9d17-4116-456a-b7c8-5375fd13a587,,off_duty,2026-02-09T07:14:30.053082Z,2026-02-09T16:29:13.736005Z,32.984,-112.4382,181467,4.0,5.53,53.52,7.0,8.47
7145beee-c3c0-4de6-a786-6769202ffefa,74dc9d17-4116-456a-b7c8-5375fd13a587,,off_duty,2026-02-09T16:29:13.736005Z,2026-02-10T01:30:56.425793Z,34.3384,-118.2926,526857,4.0,5.53,53.52,7.0,8.47
016cc823-60f2-4229-9af8-b75078be90b3,74dc9d17-4116-456a-b7c8-5375fd13a587,,off_duty,2026-02-10T01:30:56.425793Z,2026-02-10T10:51:56.821040Z,34.0841,-84.5887,480090,4.0,5.53,53.52,7.0,8.47
b924577b-0eb9-431e-8d60-155d84736977,74dc9d17-4116-456a-b7c8-5375fd13a587,,sleeper_berth,2026-02-10T10:51:56.821040Z,2026-02-10T19:31:52.734890Z,33.4573,-84.2025,519186,4.0,5.53,53.52,7.0,8.47
ab01243b-88be-492d-8873-e18472411eed,74dc9d17-4116-456a-b7c8-5375fd13a587,,sleeper_berth,2026-02-10T19:31:52.734890Z,2026-02-11T02:43:47.835736Z,32.5572,-97.2658,296734,4.0,5.53,53.52,7.0,8.47
2995ba10-8586-4139-97dc-e8850bd982af,8938bbdf-b41b-4552-8d2b-516f8d12f338,,off_duty,2026-02-08T20:00:00Z,2026-02-08T22:41:11.076689Z,42.2427,-87.3783,469762,0.0,0.0,49.48,11.0,14.0
ca2b7de1-f0ee-4c42-99d6-f7986b098fb3,8938bbdf-b41b-4552-8d2b-516f8d12f338,,sleeper_berth,2026-02-08T22:41:11.076689Z,2026-02-09T07:48:57.348849Z,29.6743,-95.3727,224592,0.0,0.0,49.48,11.0,14.0
0202d0d9-c8c9-48c3-be60-18d8c0c9c508,8938bbdf-b41b-4552-8d2b-516f8d12f338,,sleeper_berth,2026-02-09T07:48:57.348849Z,2026-02-09T16:10:17.937209Z,29.4765,-95.5675,158841,0.0,0.0,49.48,11.0,14.0
3965c58f-d6bb-46ee-9bfb-0caab0680987,8938bbdf-b41b-4552-8d2b-516f8d12f338,,sleeper_berth,2026-02-09T16:10:17.937209Z,2026-02-10T01:31:35.332228Z,33.1505,-112.4814,365286,0.0,0.0,49.48,11.0,14.0
10881472-68c7-4647-bdf4-67a7c51cf114,8938bbdf-b41b-4552-8d2b-516f8d12f338,,driving,2026-02-10T01:31:35.332228Z,2026-02-10T05:25:24.805235Z,47.6063,-122.6419,584251,3.9,3.9,53.38,7.1,10.1
70157d7b-d95e-4b30-a330-1b4fb23a8fb7,8938bbdf-b41b-4552-8d2b-516f8d12f338,,off_duty,2026-02-10T05:25:24.805235Z,2026-02-10T13:00:55.895798Z,33.7529,-118.4278,503429,3.9,3.9,53.38,7.1,10.1
44657ad0-52d7-403b-a94a-f927d299a81a,8938bbdf-b41b-4552-8d2b-516f8d12f338,,driving,2026-02-10T13:00:55.895798Z,2026-02-10T16:58:54.991792Z,34.1192,-118.6224,479883,7.86,7.86,57.35,3.14,6.14
dcf0fd4c-888f-4b36-bf6e-57f9ddd8c871,8938bbdf-b41b-4552-8d2b-516f8d12f338,,driving,2026-02-10T16:58:54.991792Z,2026-02-10T19:51:36.170627Z,41.1005,-74.5566,263043,10.74,10.74,60.23,0.26,3.26
d4606a68-97e9-46c3-a42e-598b70044e2f,8938bbdf-b41b-4552-8d2b-516f8d12f338,,driving,2026-02-10T19:51:36.170627Z,2026-02-10T23:25:16.335799Z,35.5214,-90.2157,566189,14.3,14.3,63.79,0,0
4e3fa266-e34a-48a1-b424-2133b68c9792,8938bbdf-b41b-4552-8d2b-516f8d12f338,,driving,2026-02-10T23:25:16.335799Z,2026-02-11T01:13:49.846357Z,33.6074,-112.2615,402807,16.11,16.11,65.6,0,0
3b5319a7-e844-4206-a80d-e66a2b31bda9,b4867634-a7b6-4a7f-98b2-727600882427,,sleeper_berth,2026-02-08T16:00:00Z,2026-02-08T23:36:05.999532Z,29.537,-95.5507,331271,0.0,0.0,42.36,11.0,14.0
0cc3ca7a-2fef-4e6b-ae70-2b638eba306e,b4867634-a7b6-4a7f-98b2-727600882427,ffab0183-0fa5-47cc-9ffa-d42f409c7b0b,driving,2026-02-08T23:36:05.999532Z,2026-02-09T01:55:10.664964Z,32.5503,-97.2817,426602,2.32,2.32,44.68,8.68,11.68
1982abdb-0e30-4545-8058-b1e1876094f9,b4867634-a7b6-4a7f-98b2-727600882427,ffab0183-0fa5-47cc-9ffa-d42f409c7b0b,driving,2026-02-09T01:55:10.664964Z,2026-02-09T04:02:21.700663Z,39.8178,-86.387,594549,4.44,4.44,46.8,6.56,9.56
cc746054-0dce-47ec-8fe8-d08c715adb34,b4867634-a7b6-4a7f-98b2-727600882427,,sleeper_berth,2026-02-09T04:02:21.700663Z,2026-02-09T12:45:41.796444Z,32.3479,-96.6837,277596,4.44,4.44,46.8,6.56,9.56
4de0aa69-1b9a-4de9-abc2-6ce35fa931b6,b4867634-a7b6-4a7f-98b2-727600882427,,off_duty,2026-02-09T12:45:41.796444Z,2026-02-09T14:13:05.324797Z,33.7197,-84.2125,155536,4.44,4.44,46.8,6.56,9.56
82787aaa-7c63-4370-b827-7c3989a26ac1,b4867634-a7b6-4a7f-98b2-727600882427,,off_duty,2026-02-09T14:13:05.324797Z,2026-02-09T15:42:08.440770Z,30.2241,-81.451,567285,4.44,4.44,46.8,6.56,9.56
f84914f2-ba81-41b0-a8cd-192c57789d61,b4867634-a7b6-4a7f-98b2-727600882427,,off_duty,2026-02-09T15:42:08.440770Z,2026-02-09T22:14:57.057711Z,29.5927,-95.6717,497621,4.44,4.44,46.8,6.56,9.56
15b5e52d-4530-4d27-9d59-17b751808370,5411c1d5-cdbe-4b92-ad14-57fee91e74b1,,on_duty_not_driving,2026-02-08T20:00:00Z,2026-02-08T20:38:21.747341Z,33.8681,-112.1057,338857,0.0,0.64,23.39,11.0,13.36
149672f6-a8e2-494d-894f-a15e09b35c03,5411c1d5-cdbe-4b92-ad14-57fee91e74b1,,sleeper_berth,2026-02-08T20:38:21.747341Z,2026-02-09T05:41:34.109469Z,41.0022,-74.2019,596735,0.0,0.64,23.39,11.0,13.36
e897bfa9-7e29-444a-b173-29d8af1dc06d,5411c1d5-cdbe-4b92-ad14-57fee91e74b1,,on_duty_not_driving,2026-02-09T05:41:34.109469Z,2026-02-09T06:24:30.206561Z,47.7231,-121.9192,305561,0.0,1.35,24.1,11.0,12.65
b12bb299-839b-4d49-a0b7-f32ed208696e,5411c1d5-cdbe-4b92-ad14-57fee91e74b1,,on_duty_not_driving,2026-02-09T06:24:30.206561Z,2026-02-09T07:57:28.125515Z,35.993,-86.4208,270268,0.0,2.9,25.65,11.0,11.1
67cdfd90-a937-4e5a-bdc2-7952234b2f29,5411c1d5-cdbe-4b92-ad14-57fee91e74b1,,off_duty,2026-02-09T07:57:28.125515Z,2026-02-09T13:20:43.343650Z,41.8534,-87.7784,341823,0.0,2.9,25.65,11.0,11.1
edfbc601-317b-4f05-a4b0-a0af0a4c59a4,5411c1d5-cdbe-4b92-ad14-57fee91e74b1,,on_duty_not_driving,2026-02-09T13:20:43.343650Z,2026-02-09T14:16:07.533442Z,39.8728,-86.5307,153966,0.0,3.83,26.58,11.0,10.17
fb3345f2-3996-4a44-8577-e313d4475131,5411c1d5-cdbe-4b92-ad14-57fee91e74b1,,off_duty,2026-02-09T14:16:07.533442Z,2026-02-09T22:37:36.247150Z,33.0554,-112.0179,137184,0.0,3.83,26.58,11.0,10.17
13b4c129-5b25-4a9a-bf69-3d47efad61cc,5411c1d5-cdbe-4b92-ad14-57fee91e74b1,,sleeper_berth,2026-02-09T22:37:36.247150Z,2026-02-10T07:13:29.899262Z,30.4227,-81.9171,227764,0.0,3.83,26.58,11.0,10.17
cebe6e98-e7ed-424c-bb70-9d4bbc60f5f0,5411c1d5-cdbe-4b92-ad14-57fee91e74b1,,on_duty_not_driving,2026-02-10T07:13:29.899262Z,2026-02-10T09:11:08.914611Z,29.8983,-81.9475,463887,0.0,5.79,28.54,11.0,8.21
f218ef1e-4c97-4bb2-a03a-8d550958b2c4,ccf7f73b-a742-4001-b8a5-bf9c3476f1c5,,sleeper_berth,2026-02-08T18:00:00Z,2026-02-09T02:38:00.890306Z,39.4123,-104.8207,487641,0.0,0.0,47.45,11.0,14.0
ca3b155b-8fd9-4677-b359-bbc09119ea5c,ccf7f73b-a742-4001-b8a5-bf9c3476f1c5,,off_duty,2026-02-09T02:38:00.890306Z,2026-02-09T04:39:44.950986Z,35.1124,-89.9939,530976,0.0,0.0,47.45,11.0,14.0
9ffbceba-c67b-4a28-ad7e-224f97304ecc,ccf7f73b-a742-4001-b8a5-bf9c3476f1c5,,off_duty,2026-02-09T04:39:44.950986Z,2026-02-09T07:14:52.988657Z,29.9018,-82.047,526805,0.0,0.0,47.45,11.0,14.0
96860008-e035-4000-8737-35c7bc4eacd8,ccf7f73b-a742-4001-b8a5-bf9c3476f1c5,,off_duty,2026-02-09T07:14:52.988657Z,2026-02-09T11:11:41.015728Z,36.3229,-87.1911,528360,0.0,0.0,47.45,11.0,14.0
24ba876b-b6c7-496c-b173-55924ce6e440,ccf7f73b-a742-4001-b8a5-bf9c3476f1c5,,on_duty_not_driving,2026-02-09T11:11:41.015728Z,2026-02-09T13:01:32.228026Z,47.8612,-122.0223,496926,0.0,1.83,49.28,11.0,12.17
0fdb0239-61db-43d2-8d96-95913b2e27a6,ccf7f73b-a742-4001-b8a5-bf9c3476f1c5,,on_duty_not_driving,2026-02-09T13:01:32.228026Z,2026-02-09T14:31:00.987552Z,39.131,-94.6886,403002,0.0,3.32,50.77,11.0,10.68
2f57850f-d3b7-450d-8d48-e7bdf48426c4,ccf7f73b-a742-4001-b8a5-bf9c3476f1c5,,off_duty,2026-02-09T14:31:00.987552Z,2026-02-09T17:16:40.586046Z,36.5401,-86.9819,516466,0.0,3.32,50.77,11.0,10.68
a4cf02b6-70ec-48d8-a3d8-a6c6a0c7284f,ccf7f73b-a742-4001-b8a5-bf9c3476f1c5,,sleeper_berth,2026-02-09T17:16:40.586046Z,2026-02-10T03:02:00.403570Z,47.5409,-121.8495,280493,0.0,3.32,50.77,11.0,10.68
4ab9a5af-76b8-4bb0-adbe-39b1964127e9,ccf7f73b-a742-4001-b8a5-bf9c3476f1c5,cee44ed4-b747-4a7e-ab79-490657a94b64,driving,2026-02-10T03:02:00.403570Z,2026-02-10T06:16:53.854931Z,35.6359,-90.1448,166875,3.25,6.57,54.02,7.75,7.43
099e3997-3c33-4d68-8bda-a910afd89ff6,8f256c28-cf40-4889-8f00-453940efed70,,driving,2026-02-08T16:00:00Z,2026-02-08T17:30:09.107792Z,34.2633,-118.3959,551541,1.5,1.5,23.69,9.5,12.5
facfd924-e5ac-4d67-959f-d56e8774cb06,8f256c28-cf40-4889-8f00-453940efed70,,sleeper_berth,2026-02-08T17:30:09.107792Z,2026-02-09T03:05:58.447870Z,39.6709,-104.9001,427792,1.5,1.5,23.69,9.5,12.5
3dc75dfb-b7b7-49ff-96f3-2871eb850c56,8f256c28-cf40-4889-8f00-453940efed70,,sleeper_berth,2026-02-09T03:05:58.447870Z,2026-02-09T12:14:05.603308Z,30.2138,-81.6106,447334,1.5,1.5,23.69,9.5,12.5
f848a1de-09d1-4257-a0a4-5c2bd30f806b,8f256c28-cf40-4889-8f00-453940efed70,,on_duty_not_driving,2026-02-09T12:14:05.603308Z,2026-02-09T13:26:49.908938Z,39.7946,-104.647,288894,1.5,2.71,24.9,9.5,11.29
f1a75ec9-20e1-43e8-ac9e-6ccc624dfb55,8f256c28-cf40-4889-8f00-453940efed70,,off_duty,2026-02-09T13:26:49.908938Z,2026-02-09T15:50:08.169163Z,40.9309,-112.2567,137615,1.5,2.71,24.9,9.5,11.29
b5c62acf-645e-44bb-8340-ef74a8a9eb15,8f256c28-cf40-4889-8f00-453940efed70,,driving,2026-02-09T15:50:08.169163Z,2026-02-09T17:46:03.324737Z,47.5929,-122.3954,171185,3.43,4.65,26.83,7.57,9.35
d384e243-9887-4122-adaa-baa1f35dc622,8f256c28-cf40-4889-8f00-453940efed70,,driving,2026-02-09T17:46:03.324737Z,2026-02-09T19:40:45.303634Z,33.3643,-112.118,513625,5.35,6.56,28.74,5.65,7.44
4841e2af-f974-4b90-abc5-30ae762a7b99,8f256c28-cf40-4889-8f00-453940efed70,,off_duty,2026-02-09T19:40:45.303634Z,2026-02-10T02:17:18.554438Z,39.1091,-94.5265,335953,5.35,6.56,28.74,5.65,7.44
d71fcddd-d0f4-4131-94b3-ec15744f35e8,8f256c28-cf40-4889-8f00-453940efed70,,off_duty,2026-02-10T02:17:18.554438Z,2026-02-10T06:29:10.508708Z,32.7015,-97.2896,361177,5.35,6.56,28.74,5.65,7.44
a5713d16-c4ff-405e-8e3c-213ca00349fb,8f256c28-cf40-4889-8f00-453940efed70,,on_duty_not_driving,2026-02-10T06:29:10.508708Z,2026-02-10T08:03:16.010702Z,29.6712,-95.3236,292397,5.35,8.13,30.31,5.65,5.87
97dc079e-907d-40f7-9137-760ae6207d11,c0a53596-20b3-4934-8f2b-701a8ec9dac8,,off_duty,2026-02-08T12:00:00Z,2026-02-08T19:20:38.194379Z,41.9584,-87.1681,141976,0.0,0.0,54.24,11.0,14.0
52b35ee3-8be0-48aa-94d8-cc82c71588ca,c0a53596-20b3-4934-8f2b-701a8ec9dac8,,on_duty_not_driving,2026-02-08T19:20:38.194379Z,2026-02-08T20:56:21.195914Z,34.4261,-117.7714,508352,0.0,1.6,55.83,11.0,12.4
ebdd6197-5420-4d9e-9f5f-59c052ad6411,c0a53596-20b3-4934-8f2b-701a8ec9dac8,,sleeper_berth,2026-02-08T20:56:21.195914Z,2026-02-09T05:20:02.508249Z,41.9015,-87.5197,228571,0.0,1.6,55.83,11.0,12.4
6fcecb9d-568d-4862-9394-8efdd0bed54a,c0a53596-20b3-4934-8f2b-701a8ec9dac8,,off_duty,2026-02-09T05:20:02.508249Z,2026-02-09T12:00:35.984560Z,36.6231,-87.2035,432234,0.0,1.6,55.83,11.0,12.4
52812369-02ee-435f-a61f-359a214fada7,c0a53596-20b3-4934-8f2b-701a8ec9dac8,,sleeper_berth,2026-02-09T12:00:35.984560Z,2026-02-09T20:50:56.806991Z,47.4497,-122.0536,345822,0.0,1.6,55.83,11.0,12.4
54a2b787-9411-4bce-ac60-b6b3ae73bfa8,c0a53596-20b3-4934-8f2b-701a8ec9dac8,,off_duty,2026-02-09T20:50:56.806991Z,2026-02-10T02:27:47.091768Z,39.1737,-94.7471,285028,0.0,1.6,55.83,11.0,12.4
7ea9b414-d14e-4fa3-9d28-9ad3445ff917,c0a53596-20b3-4934-8f2b-701a8ec9dac8,,sleeper_berth,2026-02-10T02:27:47.091768Z,2026-02-10T10:19:50.542955Z,33.9441,-84.2904,259420,0.0,1.6,55.83,11.0,12.4
6de69fab-d021-4303-bbe2-748779c1c1e5,c0a53596-20b3-4934-8f2b-701a8ec9dac8,,sleeper_berth,2026-02-10T10:19:50.542955Z,2026-02-10T17:30:53.854797Z,39.1778,-94.5057,444100,0.0,1.6,55.83,11.0,12.4
a2720d3f-4cff-4545-bd87-2e68958d1b9e,c0a53596-20b3-4934-8f2b-701a8ec9dac8,,sleeper_berth,2026-02-10T17:30:53.854797Z,2026-02-11T02:56:29.929218Z,34.6768,-90.0642,166490,0.0,1.6,55.83,11.0,12.4
fdb960fc-9627-46ad-bdd3-065ec1343f45,c0a53596-20b3-4934-8f2b-701a8ec9dac8,31655ec1-3053-4bc2-aa04-4c3603cc6a47,driving,2026-02-11T02:56:29.929218Z,2026-02-11T06:59:45.537983Z,29.5125,-95.254,244293,4.05,5.65,59.89,6.95,8.35
4f544e85-a63c-4f0f-82cc-64a6731a4412,40493abb-a12c-4125-9bb4-70a1a450692c,,on_duty_not_driving,2026-02-08T16:00:00Z,2026-02-08T17:51:54.710039Z,40.3868,-74.2257,523541,0.0,1.87,22.36,11.0,12.13
930c83dd-3ab1-496e-9f71-63e0e325ce4c,40493abb-a12c-4125-9bb4-70a1a450692c,,on_duty_not_driving,2026-02-08T17:51:54.710039Z,2026-02-08T18:45:25.474014Z,40.4719,-74.4916,376503,0.0,2.76,23.25,11.0,11.24
ffdba70f-c7bf-46d9-9c34-9b42a8977255,40493abb-a12c-4125-9bb4-70a1a450692c,,driving,2026-02-08T18:45:25.474014Z,2026-02-08T21:17:08.232364Z,42.3454,-87.5343,530819,2.53,5.29,25.78,8.47,8.71
b387574e-487c-4171-99be-4e27821a3176,40493abb-a12c-4125-9bb4-70a1a450692c,,on_duty_not_driving,2026-02-08T21:17:08.232364Z,2026-02-08T23:02:31.349150Z,33.942,-111.8036,224752,2.53,7.04,27.54,8.47,6.96
6f81349a-3779-4cf8-832b-c0a73ab99024,40493abb-a12c-4125-9bb4-70a1a450692c,,off_duty,2026-02-08T23:02:31.349150Z,2026-02-09T06:34:33.719726Z,32.4876,-96.5626,280919,2.53,7.04,27.54,8.47,6.96
54d9a176-3f45-4315-aadb-64cd8472cafa,40493abb-a12c-4125-9bb4-70a1a450692c,,driving,2026-02-09T06:34:33.719726Z,2026-02-09T10:00:10.139577Z,33.7679,-112.5215,343277,5.96,10.47,30.97,5.04,3.53
08a4bad3-39a2-43ae-a20b-bc7930a1e59f,26a6822c-640c-48eb-b0d0-6a79d80f5dbc,,on_duty_not_driving,2026-02-08T18:00:00Z,2026-02-08T19:04:10.924288Z,40.6258,-74.4098,378104,0.0,1.07,37.74,11.0,12.93
f408c4ab-ac34-4c5e-83d8-a182eddfe74d,26a6822c-640c-48eb-b0d0-6a79d80f5dbc,,off_duty,2026-02-08T19:04:10.924288Z,2026-02-08T20:10:35.286787Z,47.9035,-122.4501,265511,0.0,1.07,37.74,11.0,12.93
c41d87f0-dd0e-4d18-9c5c-a98acfdb913b,26a6822c-640c-48eb-b0d0-6a79d80f5dbc,777f8885-4176-419a-b756-4ca48f69f09c,driving,2026-02-08T20:10:35.286787Z,2026-02-08T21:58:06.821451Z,34.0799,-117.7989,326380,1.79,2.86,39.53,9.21,11.14
88ed4f8a-5217-4602-9a36-c288f1d4ffe2,26a6822c-640c-48eb-b0d0-6a79d80f5dbc,,sleeper_berth,2026-02-08T21:58:06.821451Z,2026-02-09T05:58:24.469442Z,30.0627,-95.6145,406276,1.79,2.86,39.53,9.21,11.14
48a412ba-628f-4330-a96c-f89531a1280f,26a6822c-640c-48eb-b0d0-6a79d80f5dbc,,off_duty,2026-02-09T05:58:24.469442Z,2026-02-09T11:07:24.387870Z,36.4118,-86.5473,408661,1.79,2.86,39.53,9.21,11.14
932f401a-ea99-478b-9edd-e9e7b897ac24,26a6822c-640c-48eb-b0d0-6a79d80f5dbc,,on_duty_not_driving,2026-02-09T11:07:24.387870Z,2026-02-09T12:24:12.130409Z,36.353,-87.1017,387106,1.79,4.14,40.81,9.21,9.86
0ea63b0b-30ed-4341-b3ac-23f85140972a,26a6822c-640c-48eb-b0d0-6a79d80f5dbc,777f8885-4176-419a-b756-4ca48f69f09c,driving,2026-02-09T12:24:12.130409Z,2026-02-09T15:55:18.390494Z,40.3288,-111.9798,375389,5.31,7.66,44.33,5.69,6.34
5d6ef231-a8bf-4895-9c06-38e0c13f7d98,26a6822c-640c-48eb-b0d0-6a79d80f5dbc,777f8885-4176-419a-b756-4ca48f69f09c,driving,2026-02-09T15:55:18.390494Z,2026-02-09T19:28:41.785658Z,39.4878,-86.3748,201229,8.87,11.22,47.88,2.13,2.78
68795886-7268-4378-beb4-a748dfa3c64a,26a6822c-640c-48eb-b0d0-6a79d80f5dbc,777f8885-4176-419a-b756-4ca48f69f09c,driving,2026-02-09T19:28:41.785658Z,2026-02-09T21:02:57.750765Z,41.435,-87.5357,568696,10.44,12.79,49.46,0.56,1.21
f9b6f5e6-7dfa-4236-8364-869b4d12bc20,33d791cc-28f5-45be-adb7-180e5dcf5e17,2529e88f-ace6-417b-aa13-68a4d8548f96,driving,2026-02-08T15:00:00Z,2026-02-08T16:45:32.972840Z,34.7794,-89.8926,571805,1.76,1.76,55.03,9.24,12.24
65acb68e-5ef3-40e2-96ea-4b1c3ba3efd1,33d791cc-28f5-45be-adb7-180e5dcf5e17,,on_duty_not_driving,2026-02-08T16:45:32.972840Z,2026-02-08T18:36:11.381644Z,40.42,-74.3778,446280,1.76,3.6,56.87,9.24,10.4
182654c5-7140-4783-96f5-d7317afc08e3,33d791cc-28f5-45be-adb7-180e5dcf5e17,2529e88f-ace6-417b-aa13-68a4d8548f96,driving,2026-02-08T18:36:11.381644Z,2026-02-08T22:01:10.211129Z,48.1014,-122.0627,462923,5.18,7.02,60.29,5.82,6.98
6eeb401a-68dd-4721-bd22-f00aef6dade0,33d791cc-28f5-45be-adb7-180e5dcf5e17,,sleeper_berth,2026-02-08T22:01:10.211129Z,2026-02-09T05:47:29.446359Z,33.0224,-111.7969,300696,5.18,7.02,60.29,5.82,6.98
af46a149-e97f-42ce-9cc9-ea62841937a2,33d791cc-28f5-45be-adb7-180e5dcf5e17,,off_duty,2026-02-09T05:47:29.446359Z,2026-02-09T09:47:07.459835Z,33.5072,-84.0752,193286,5.18,7.02,60.29,5.82,6.98
b78e3b82-3dc7-4c41-9be3-1b7aa5353036,33d791cc-28f5-45be-adb7-180e5dcf5e17,,off_duty,2026-02-09T09:47:07.459835Z,2026-02-09T11:24:35.970630Z,47.3069,-122.4395,438419,5.18,7.02,60.29,5.82,6.98
450c777a-f8eb-44b0-9c07-515c39b3106c,35a517a8-748c-4694-984d-a35060989298,,off_duty,2026-02-08T19:00:00Z,2026-02-08T21:57:55.722542Z,35.7689,-86.84,235788,0.0,0.0,23.8,11.0,14.0
765a165e-ddbb-442a-87df-5d861aab2525,35a517a8-748c-4694-984d-a35060989298,38bcc74b-c8f5-4450-8b2c-148398833dd6,driving,2026-02-08T21:57:55.722542Z,2026-02-08T23:34:12.220204Z,41.9494,-87.8792,333770,1.6,1.6,25.4,9.4,12.4
7ecc775b-d020-42db-a955-998d01e3bb63,35a517a8-748c-4694-984d-a35060989298,38bcc74b-c8f5-4450-8b2c-148398833dd6,driving,2026-02-08T23:34:12.220204Z,2026-02-09T03:45:34.554047Z,32.9296,-97.2961,119836,5.79,5.79,29.59,5.21,8.21
ad03f80a-826d-4ea9-9f38-53d217da8d67,35a517a8-748c-4694-984d-a35060989298,,off_duty,2026-02-09T03:45:34.554047Z,2026-02-09T07:09:27.096035Z,40.5655,-74.2811,101941,5.79,5.79,29.59,5.21,8.21
b4607f63-4389-4217-bab4-9696d4129d5c,35a517a8-748c-4694-984d-a35060989298,,off_duty,2026-02-09T07:09:27.096035Z,2026-02-09T12:27:38.813440Z,30.6762,-81.3748,511766,5.79,5.79,29.59,5.21,8.21
46bc129d-2e57-419f-abd9-572122165b79,35a517a8-748c-4694-984d-a35060989298,38bcc74b-c8f5-4450-8b2c-148398833dd6,driving,2026-02-09T12:27:38.813440Z,2026-02-09T15:34:52.203584Z,33.6334,-84.1987,508855,8.91,8.91,32.71,2.09,5.09
e2ea4611-8a1e-4b07-88e7-bf4b703a27d7,35a517a8-748c-4694-984d-a35060989298,,off_duty,2026-02-09T15:34:52.203584Z,2026-02-09T17:40:19.201853Z,34.3775,-118.3962,457478,8.91,8.91,32.71,2.09,5.09
243828c6-f41e-46ab-b088-536ee305c423,35a517a8-748c-4694-984d-a35060989298,,sleeper_berth,2026-02-09T17:40:19.201853Z,2026-02-10T01:52:25.841677Z,36.6597,-86.6345,291551,8.91,8.91,32.71,2.09,5.09
69cf2d95-b168-4bdf-8c89-8dd033196e4d,35a517a8-748c-4694-984d-a35060989298,,sleeper_berth,2026-02-10T01:52:25.841677Z,2026-02-10T09:06:54.774951Z,39.3602,-94.7886,206493,8.91,8.91,32.71,2.09,5.09
8423a1c1-276b-4066-8653-dcfff4116cab,35a517a8-748c-4694-984d-a35060989298,,on_duty_not_driving,2026-02-10T09:06:54.774951Z,2026-02-10T10:26:48.942498Z,30.4929,-81.8568,304527,8.91,10.25,34.04,2.09,3.75
bfe3c097-d48e-49e3-8682-f23deb7f2767,d5ba2171-011c-4c4d-b6af-5126df4962c7,,off_duty,2026-02-08T13:00:00Z,2026-02-08T14:45:49.544503Z,36.1007,-87.0921,118716,0.0,0.0,42.07,11.0,14.0
94b4f778-f725-4a45-963b-e710a4a4c9b9,d5ba2171-011c-4c4d-b6af-5126df4962c7,,on_duty_not_driving,2026-02-08T14:45:49.544503Z,2026-02-08T15:18:06.513373Z,34.888,-90.1602,515623,0.0,0.54,42.61,11.0,13.46
d53bf97d-32bd-469e-a743-29880054917a,d5ba2171-011c-4c4d-b6af-5126df4962c7,,sleeper_berth,2026-02-08T15:18:06.513373Z,2026-02-08T23:48:03.102209Z,41.0726,-111.4244,108607,0.0,0.54,42.61,11.0,13.46
9e3e0e81-cd68-4af2-9651-8f0d3937e4c0,d5ba2171-011c-4c4d-b6af-5126df4962c7,,driving,2026-02-08T23:48:03.102209Z,2026-02-09T02:19:07.381353Z,40.0562,-86.6153,161964,2.52,3.06,45.13,8.48,10.94
0ac78bfa-f3d8-4ef2-8de8-61e658ce7dd5,d5ba2171-011c-4c4d-b6af-5126df4962c7,,on_duty_not_driving,2026-02-09T02:19:07.381353Z,2026-02-09T04:01:45.741364Z,36.1858,-86.3415,556235,2.52,4.77,46.84,8.48,9.23
7e9a03fb-0f34-4187-bf3e-1ff342c8c24b,d5ba2171-011c-4c4d-b6af-5126df4962c7,,on_duty_not_driving,2026-02-09T04:01:45.741364Z,2026-02-09T05:38:27.419461Z,40.164,-105.4534,174234,2.52,6.38,48.45,8.48,7.62
0809bb22-98d2-4cf8-aab8-7f2af6e2b2be,d5ba2171-011c-4c4d-b6af-5126df4962c7,,off_duty,2026-02-09T05:38:27.419461Z,2026-02-09T12:31:31.560929Z,39.5069,-94.4602,227235,2.52,6.38,48.45,8.48,7.62
c06e668d-274b-4c81-8ce9-798b7f185db9,d5ba2171-011c-4c4d-b6af-5126df4962c7,,on_duty_not_driving,2026-02-09T12:31:31.560929Z,2026-02-09T13:02:49.133036Z,35.7127,-86.9743,516125,2.52,6.9,48.97,8.48,7.1
4ccba98b-3ba5-449e-8a4e-22e035a68773,61b94e23-fe94-4252-9d9b-6da83bf3fdcb,e58680e2-d5ed-4b9d-9575-7aa78d1a2eac,driving,2026-02-08T13:00:00Z,2026-02-08T16:57:12.241920Z,41.4923,-87.5348,422766,3.95,3.95,39.92,7.05,10.05
e6946f59-0dea-45fb-8536-a8b879b64baf,61b94e23-fe94-4252-9d9b-6da83bf3fdcb,,on_duty_not_driving,2026-02-08T16:57:12.241920Z,2026-02-08T17:32:53.036523Z,39.6654,-104.6788,486887,3.95,4.55,40.51,7.05,9.45
44c46646-47f5-4051-a244-bea164085eb4,61b94e23-fe94-4252-9d9b-6da83bf3fdcb,,off_duty,2026-02-08T17:32:53.036523Z,2026-02-08T21:27:58.248612Z,36.2387,-87.1443,538528,3.95,4.55,40.51,7.05,9.45
59c80f42-5ff7-4a71-a922-ac26636530a7,61b94e23-fe94-4252-9d9b-6da83bf3fdcb,,on_duty_not_driving,2026-02-08T21:27:58.248612Z,2026-02-08T23:06:45.079177Z,34.8229,-90.4858,243599,3.95,6.19,42.16,7.05,7.81
e1ea43a1-33d4-4d8f-a8d5-013a8accce94,61b94e23-fe94-4252-9d9b-6da83bf3fdcb,,on_duty_not_driving,2026-02-08T23:06:45.079177Z,2026-02-09T00:44:55.849642Z,32.973,-96.7436,329984,3.95,7.83,43.8,7.05,6.17
d0f0b1ec-50a7-42ae-912c-2fb3cfa1a220,61b94e23-fe94-4252-9d9b-6da83bf3fdcb,,on_duty_not_driving,2026-02-09T00:44:55.849642Z,2026-02-09T02:38:14.497507Z,33.3824,-84.0969,431452,3.95,9.72,45.69,7.05,4.28
3140c138-b7bb-4912-9262-3c707706c0da,61b94e23-fe94-4252-9d9b-6da83bf3fdcb,,off_duty,2026-02-09T02:38:14.497507Z,2026-02-09T10:38:10.734567Z,34.1286,-84.8073,103787,3.95,9.72,45.69,7.05,4.28
8db791ef-33bb-4ba7-8c93-80f3588f9258,72ef26e5-8a71-4027-8369-ecdcc28b4c01,,sleeper_berth,2026-02-08T14:00:00Z,2026-02-08T22:14:55.200216Z,33.7406,-112.098,166528,0.0,0.0,52.41,11.0,14.0
c2dd506f-9400-4a00-a66a-4e4776c6eee4,72ef26e5-8a71-4027-8369-ecdcc28b4c01,,on_duty_not_driving,2026-02-08T22:14:55.200216Z,2026-02-08T22:57:47.874667Z,29.7835,-95.4578,591829,0.0,0.71,53.13,11.0,13.29
f146ec0b-172c-46e7-8524-5ee92b72cdc4,72ef26e5-8a71-4027-8369-ecdcc28b4c01,,on_duty_not_driving,2026-02-08T22:57:47.874667Z,2026-02-09T00:22:44.779806Z,33.8453,-84.1708,420890,0.0,2.13,54.55,11.0,11.87
4c8b58ce-92be-420d-af19-a425792c4fc4,72ef26e5-8a71-4027-8369-ecdcc28b4c01,0030ffe1-5900-4abd-a708-f9de6b6a307f,driving,2026-02-09T00:22:44.779806Z,2026-02-09T03:45:38.449670Z,33.2496,-112.1552,392400,3.38,5.51,57.93,7.62,8.49
543908f7-4ca3-47b7-9c44-c92017995dd8,72ef26e5-8a71-4027-8369-ecdcc28b4c01,,on_duty_not_driving,2026-02-09T03:45:38.449670Z,2026-02-09T04:32:54.725124Z,34.4193,-118.1362,552319,3.38,6.3,58.71,7.62,7.7
29ad95f7-8394-4998-b0c1-eda6738a2a38,72ef26e5-8a71-4027-8369-ecdcc28b4c01,,on_duty_not_driving,2026-02-09T04:32:54.725124Z,2026-02-09T05:44:41.491562Z,36.322,-87.0052,201564,3.38,7.5,59.91,7.62,6.5
613cb5f0-5eb2-4ce6-b8eb-e06443e46a00,72ef26e5-8a71-4027-8369-ecdcc28b4c01,0030ffe1-5900-4abd-a708-f9de6b6a307f,driving,2026-02-09T05:44:41.491562Z,2026-02-09T09:38:04.911656Z,36.5065,-86.3701,360841,7.27,11.39,63.8,3.73,2.61
0b138e40-41a7-4a97-9eae-3b080e1a3aef,72ef26e5-8a71-4027-8369-ecdcc28b4c01,,on_duty_not_driving,2026-02-09T09:38:04.911656Z,2026-02-09T10:22:27.613461Z,47.1493,-122.1872,249455,7.27,12.13,64.54,3.73,1.87
5e2a8945-2a1d-4fab-9928-c0baaffb8e91,72ef26e5-8a71-4027-8369-ecdcc28b4c01,,on_duty_not_driving,2026-02-09T10:22:27.613461Z,2026-02-09T11:31:34.840329Z,39.8852,-85.768,337579,7.27,13.28,65.69,3.73,0.72
1186fec7-c638-4ed9-94e8-c445e3f04a76,72ef26e5-8a71-4027-8369-ecdcc28b4c01,0030ffe1-5900-4abd-a708-f9de6b6a307f,driving,2026-02-09T11:31:34.840329Z,2026-02-09T13:20:22.588204Z,34.1739,-84.7121,511824,9.08,15.09,67.51,1.92,0
323ee2db-48e9-4e62-aa28-35d27ccffafb,80490301-5526-428e-b1da-7357b42fbe21,c2b17110-22c9-4b9c-b820-dc23d3b4eeaf,driving,2026-02-08T12:00:00Z,2026-02-08T16:11:06.855089Z,40.6805,-74.0926,319711,4.19,4.19,41.16,6.81,9.81
53523db9-b16c-4521-8b53-bb97cc24a006,80490301-5526-428e-b1da-7357b42fbe21,,on_duty_not_driving,2026-02-08T16:11:06.855089Z,2026-02-08T17:48:21.123558Z,47.4319,-122.0531,270987,4.19,5.81,42.78,6.81,8.19
5016be91-3aaf-4a7e-95a4-2ddbc61e99be,80490301-5526-428e-b1da-7357b42fbe21,,on_duty_not_driving,2026-02-08T17:48:21.123558Z,2026-02-08T18:27:10.669881Z,40.6483,-74.4724,567332,4.19,6.45,43.43,6.81,7.55
1d6af4f9-2b88-4731-a7d9-6ec6a10860c5,80490301-5526-428e-b1da-7357b42fbe21,,on_duty_not_driving,2026-02-08T18:27:10.669881Z,2026-02-08T19:03:47.730349Z,35.1339,-89.6585,175990,4.19,7.06,44.04,6.81,6.94
72e1b4ca-75e5-4368-837f-e60be319ffcd,80490301-5526-428e-b1da-7357b42fbe21,,on_duty_not_driving,2026-02-08T19:03:47.730349Z,2026-02-08T20:57:18.320778Z,38.7778,-94.7051,339987,4.19,8.96,45.93,6.81,5.04
3fac2428-5090-49c3-8b96-285c0d92bc7d,80490301-5526-428e-b1da-7357b42fbe21,,on_duty_not_driving,2026-02-08T20:57:18.320778Z,2026-02-08T22:24:11.234809Z,29.4626,-95.7426,462917,4.19,10.4,47.38,6.81,3.6
4f8b53ff-44c2-4a97-a19d-6f40fbad0424,d3cf98e9-162a-4d70-acf3-320ad1d60d5b,,off_duty,2026-02-08T12:00:00Z,2026-02-08T17:07:37.957169Z,33.037,-97.0771,254749,0.0,0.0,29.82,11.0,14.0
cd5c6c22-411f-4b9a-966d-11e855e0463f,d3cf98e9-162a-4d70-acf3-320ad1d60d5b,,on_duty_not_driving,2026-02-08T17:07:37.957169Z,2026-02-08T18:48:41.510780Z,36.6155,-86.376,403102,0.0,1.68,31.51,11.0,12.32
30180a22-39c9-4101-9329-0541bdb86428,d3cf98e9-162a-4d70-acf3-320ad1d60d5b,,on_duty_not_driving,2026-02-08T18:48:41.510780Z,2026-02-08T19:26:28.472174Z,40.7826,-111.5288,213478,0.0,2.31,32.14,11.0,11.69
6ed41a76-b12a-4ab1-b23e-71dba0d68cda,d3cf98e9-162a-4d70-acf3-320ad1d60d5b,,off_duty,2026-02-08T19:26:28.472174Z,2026-02-09T03:58:26.916624Z,29.2749,-95.4417,557492,0.0,2.31,32.14,11.0,11.69
a3dab6cb-3e21-4177-9611-a72cb506762a,d3cf98e9-162a-4d70-acf3-320ad1d60d5b,,on_duty_not_driving,2026-02-09T03:58:26.916624Z,2026-02-09T04:50:45.206421Z,30.4117,-81.2639,410258,0.0,3.19,33.01,11.0,10.81
858a6ec7-5d04-4f41-ac34-311ac67aab9b,d3cf98e9-162a-4d70-acf3-320ad1d60d5b,,on_duty_not_driving,2026-02-09T04:50:45.206421Z,2026-02-09T06:42:59.481913Z,47.1113,-121.8519,121002,0.0,5.06,34.88,11.0,8.94
ffbc9913-cd0d-47d8-a832-a1f344290d65,b5020750-3934-4700-828f-3cb7cfccd0da,,driving,2026-02-08T19:00:00Z,2026-02-08T21:46:37.534550Z,30.3115,-81.3577,530593,2.78,2.78,48.45,8.22,11.22
e6756616-6e85-4bd5-9401-0b0e0944b26f,b5020750-3934-4700-828f-3cb7cfccd0da,,driving,2026-02-08T21:46:37.534550Z,2026-02-09T00:38:03.901327Z,39.3223,-104.7372,463415,5.63,5.63,51.31,5.37,8.37
b69cb134-22d8-4e7f-904d-560004dbce18,b5020750-3934-4700-828f-3cb7cfccd0da,,off_duty,2026-02-09T00:38:03.901327Z,2026-02-09T10:11:01.759545Z,32.6351,-97.0579,147568,5.63,5.63,51.31,5.37,8.37
d4a582c5-d852-4ffc-af61-abc72a5e7a0c,b5020750-3934-4700-828f-3cb7cfccd0da,,driving,2026-02-09T10:11:01.759545Z,2026-02-09T13:07:23.415420Z,29.4222,-95.4105,399043,8.57,8.57,54.25,2.43,5.43
0502e31b-23cc-49ff-a909-d31be616dde2,b5020750-3934-4700-828f-3cb7cfccd0da,,driving,2026-02-09T13:07:23.415420Z,2026-02-09T17:33:08.759827Z,39.3715,-94.2044,312525,13.0,13.0,58.67,0,1.0
62057d79-ea00-4049-a126-032595ea5074,b5020750-3934-4700-828f-3cb7cfccd0da,,on_duty_not_driving,2026-02-09T17:33:08.759827Z,2026-02-09T19:14:13.996876Z,39.8952,-85.9542,100714,13.0,14.69,60.36,0,0
ef7be38d-fb3b-44d2-890d-9725fa8ddb8c,b5020750-3934-4700-828f-3cb7cfccd0da,,driving,2026-02-09T19:14:13.996876Z,2026-02-09T21:53:30.692969Z,40.5686,-74.6397,323295,15.66,17.34,63.01,0,0
ee955dff-ab66-46c3-a302-7e44ff512c9d,b5020750-3934-4700-828f-3cb7cfccd0da,,sleeper_berth,2026-02-09T21:53:30.692969Z,2026-02-10T06:59:09.686794Z,35.1919,-89.7545,512977,15.66,17.34,63.01,0,0
caf38064-cdf0-4ab6-850d-bce367084b6a,b5020750-3934-4700-828f-3cb7cfccd0da,,driving,2026-02-10T06:59:09.686794Z,2026-02-10T10:20:50.603084Z,40.0042,-86.6033,595621,19.02,20.7,66.38,0,0
de586fad-2fd0-494f-b724-0b26debfd123,b5020750-3934-4700-828f-3cb7cfccd0da,,sleeper_berth,2026-02-10T10:20:50.603084Z,2026-02-10T20:00:40.764468Z,41.7611,-87.6644,121429,19.02,20.7,66.38,0,0
f883fd3a-a7ac-4c60-9ad7-8a23fa374499,6b28c531-4008-44c2-9e6c-dd930b993210,,driving,2026-02-08T17:00:00Z,2026-02-08T20:10:56.188652Z,33.1531,-111.5927,225112,3.18,3.18,36.01,7.82,10.82
95efaba8-48a7-4eee-b940-e1fc22bdfcf7,6b28c531-4008-44c2-9e6c-dd930b993210,,driving,2026-02-08T20:10:56.188652Z,2026-02-08T23:37:45.803376Z,41.1748,-74.0923,468492,6.63,6.63,39.45,4.37,7.37
3810ed5f-0e49-488a-a794-2ccfda6c4e2a,6b28c531-4008-44c2-9e6c-dd930b993210,,on_duty_not_driving,2026-02-08T23:37:45.803376Z,2026-02-09T01:15:32.940267Z,33.1738,-112.2213,240172,6.63,8.26,41.08,4.37,5.74
c8a0adb9-ab39-4063-81a1-78c6a0e0c63a,6b28c531-4008-44c2-9e6c-dd930b993210,,off_duty,2026-02-09T01:15:32.940267Z,2026-02-09T04:45:12.449088Z,41.7509,-87.6774,362904,6.63,8.26,41.08,4.37,5.74
3f6f9df6-676c-430d-92e9-2723b78b4390,6b28c531-4008-44c2-9e6c-dd930b993210,,driving,2026-02-09T04:45:12.449088Z,2026-02-09T07:39:50.218666Z,34.1208,-118.2222,253230,9.54,11.17,43.99,1.46,2.83
b9856146-3b6c-44bf-9e0b-48ae2141026f,6b28c531-4008-44c2-9e6c-dd930b993210,,off_duty,2026-02-09T07:39:50.218666Z,2026-02-09T14:15:09.039744Z,33.6217,-111.8808,593289,9.54,11.17,43.99,1.46,2.83
c097e184-24d1-4f35-8bcf-71480b4fb61d,6b28c531-4008-44c2-9e6c-dd930b993210,,driving,2026-02-09T14:15:09.039744Z,2026-02-09T16:19:03.258434Z,47.5641,-122.7519,570782,11.6,13.23,46.06,0,0.77
73b82002-6179-4254-8011-eb2537506fa7,6b28c531-4008-44c2-9e6c-dd930b993210,,on_duty_not_driving,2026-02-09T16:19:03.258434Z,2026-02-09T17:15:00.470947Z,41.4875,-87.8539,465471,11.6,14.17,46.99,0,0
8998ea3c-ebcc-48e9-86bf-9586f97eb838,6b28c531-4008-44c2-9e6c-dd930b993210,,on_duty_not_driving,2026-02-09T17:15:00.470947Z,2026-02-09T18:29:40.646116Z,40.4651,-111.4389,111896,11.6,15.41,48.24,0,0
14b014d1-9420-454b-baf5-5c2293dc4620,6b28c531-4008-44c2-9e6c-dd930b993210,,sleeper_berth,2026-02-09T18:29:40.646116Z,2026-02-10T02:44:39.242031Z,36.2041,-87.1496,281770,11.6,15.41,48.24,0,0
36fc9178-e31a-406f-bf45-baf7540a2669,6dd65793-90ef-4a17-bd87-cd676ae0c4a2,,sleeper_berth,2026-02-08T18:00:00Z,2026-02-09T01:34:01.855114Z,34.1208,-84.6557,596735,0.0,0.0,35.54,11.0,14.0
afa1c12c-4c92-438f-8886-6c2e5a8e0c4c,6dd65793-90ef-4a17-bd87-cd676ae0c4a2,,sleeper_berth,2026-02-09T01:34:01.855114Z,2026-02-09T09:48:08.125793Z,39.9242,-85.8713,354881,0.0,0.0,35.54,11.0,14.0
a944bc7f-3a13-4a8d-b6ae-32f8d7b537c1,6dd65793-90ef-4a17-bd87-cd676ae0c4a2,,off_duty,2026-02-09T09:48:08.125793Z,2026-02-09T14:55:27.555576Z,34.7815,-89.7597,190039,0.0,0.0,35.54,11.0,14.0
8e2a9156-9321-4c50-bed2-6ea00146b14a,6dd65793-90ef-4a17-bd87-cd676ae0c4a2,,sleeper_berth,2026-02-09T14:55:27.555576Z,2026-02-09T22:36:16.800508Z,40.2391,-85.8884,124808,0.0,0.0,35.54,11.0,14.0
8b25e715-63a1-4260-a87e-54f16cbcf429,6dd65793-90ef-4a17-bd87-cd676ae0c4a2,,on_duty_not_driving,2026-02-09T22:36:16.800508Z,2026-02-09T23:38:03.653343Z,39.5559,-94.46,184300,0.0,1.03,36.56,11.0,12.97
1c739d37-91ad-4192-919b-055e71fed0ba,6dd65793-90ef-4a17-bd87-cd676ae0c4a2,,sleeper_berth,2026-02-09T23:38:03.653343Z,2026-02-10T07:10:52.282856Z,33.116,-96.6041,449362,0.0,1.03,36.56,11.0,12.97
59015e3c-a6c9-4735-af2a-5249c6299162,a2382b67-fb37-4904-9718-94e9d515345d,,driving,2026-02-08T14:00:00Z,2026-02-08T18:28:52.748811Z,34.776,-90.2886,196729,4.48,4.48,30.13,6.52,9.52
3f3ac0dc-d4a0-4128-a6d6-4748402c510e,a2382b67-fb37-4904-9718-94e9d515345d,,on_duty_not_driving,2026-02-08T18:28:52.748811Z,2026-02-08T19:49:30.179920Z,33.9146,-83.91,177565,4.48,5.83,31.47,6.52,8.17
dae09a26-619a-4a4c-94da-bd1b353290f3,a2382b67-fb37-4904-9718-94e9d515345d,,sleeper_berth,2026-02-08T19:49:30.179920Z,2026-02-09T04:10:13.214165Z,32.8103,-97.1755,113067,4.48,5.83,31.47,6.52,8.17
83cb68e1-3ef1-48c0-a6de-e5e593f40eb8,a2382b67-fb37-4904-9718-94e9d515345d,,off_duty,2026-02-09T04:10:13.214165Z,2026-02-09T13:32:59.847039Z,33.0938,-112.116,267886,4.48,5.83,31.47,6.52,8.17
89b962c3-258f-4f44-bda5-aff4c0e2c1e4,a2382b67-fb37-4904-9718-94e9d515345d,,on_duty_not_driving,2026-02-09T13:32:59.847039Z,2026-02-09T14:03:23.036290Z,40.7818,-74.165,439342,4.48,6.33,31.98,6.52,7.67
89ae020d-b97b-4169-bdd8-7643b63b2658,a2382b67-fb37-4904-9718-94e9d515345d,,sleeper_berth,2026-02-09T14:03:23.036290Z,2026-02-09T22:28:41.271566Z,30.23,-95.1156,400798,4.48,6.33,31.98,6.52,7.67
5d502803-7be9-467a-9996-6e3c964ea4b1,0b873fa3-f3da-4ed9-b932-f8a118d6b53b,,sleeper_berth,2026-02-08T14:00:00Z,2026-02-08T23:04:02.787400Z,40.7147,-74.6323,455471,0.0,0.0,47.99,11.0,14.0
1da8f747-8dd5-429b-a821-b7b1acf1c3e3,0b873fa3-f3da-4ed9-b932-f8a118d6b53b,16284f8f-d35f-45e9-9fc7-10e2e9090bee,driving,2026-02-08T23:04:02.787400Z,2026-02-09T01:29:30.075168Z,30.4497,-81.9353,287377,2.42,2.42,50.41,8.58,11.58
54421f6f-2152-49da-bcfe-fe844b227f41,0b873fa3-f3da-4ed9-b932-f8a118d6b53b,16284f8f-d35f-45e9-9fc7-10e2e9090bee,driving,2026-02-09T01:29:30.075168Z,2026-02-09T03:58:14.833040Z,35.2908,-89.9656,216467,4.9,4.9,52.89,6.1,9.1
b7187828-f686-4a79-8d2b-c154e3c101fd,0b873fa3-f3da-4ed9-b932-f8a118d6b53b,,sleeper_berth,2026-02-09T03:58:14.833040Z,2026-02-09T11:33:28.562313Z,41.9165,-87.6843,452089,4.9,4.9,52.89,6.1,9.1
ed22888f-4a6d-4c18-a689-0973c8ecbbfd,0b873fa3-f3da-4ed9-b932-f8a118d6b53b,16284f8f-d35f-45e9-9fc7-10e2e9090bee,driving,2026-02-09T11:33:28.562313Z,2026-02-09T15:59:07.628988Z,30.0267,-81.8379,417235,9.33,9.33,57.32,1.67,4.67
1576526a-0aee-4318-86a8-6db8f294632c,0b873fa3-f3da-4ed9-b932-f8a118d6b53b,16284f8f-d35f-45e9-9fc7-10e2e9090bee,driving,2026-02-09T15:59:07.628988Z,2026-02-09T20:12:38.856050Z,39.666,-85.9421,324206,13.56,13.56,61.54,0,0.44
87834553-15e1-4ab6-8210-a9de1eb5bdac,0b873fa3-f3da-4ed9-b932-f8a118d6b53b,,sleeper_berth,2026-02-09T20:12:38.856050Z,2026-02-10T04:22:08.872327Z,33.5337,-84.5366,333610,13.56,13.56,61.54,0,0.44
2e9b00f8-f979-41d5-ba14-b9d42e0b9e0b,0b873fa3-f3da-4ed9-b932-f8a118d6b53b,16284f8f-d35f-45e9-9fc7-10e2e9090bee,driving,2026-02-10T04:22:08.872327Z,2026-02-10T06:30:58.380008Z,47.5504,-121.8395,521362,15.7,15.7,63.69,0,0
f16c854d-be42-42e8-a90d-d8e4b9bb3bbd,0b873fa3-f3da-4ed9-b932-f8a118d6b53b,,off_duty,2026-02-10T06:30:58.380008Z,2026-02-10T10:06:50.122202Z,33.6764,-111.6763,481999,15.7,15.7,63.69,0,0
